java-diff-utils,CNN,8357.3335619,0.3298342541436464,0.6701657458563536,0.0,0.0,0.0,NA
native-lib-loader,CNN,8357.3335619,0.926984126984127,0.07301587301587298,0.03571428571428571,0.05,0.041666666666666664,0.8993032786885247
rxjava-slf4j,CNN,8357.3335619,0.6489945155393053,0.3510054844606947,0.5444839857651246,1.0,0.7050691244239631,0.7609867394026727
bigbash,CNN,8357.3335619,0.7732846026880452,0.22671539731195478,0.4467323187108326,0.9559386973180076,0.6089078706528371,0.8429985311791119
lucene-skos,CNN,8357.3335619,0.2792727272727273,0.7207272727272727,0.0,0.0,0.0,NA
sample.swagger,CNN,8357.3335619,1.0,0.0,0.0,0.0,0.0,NA
BKCommonLib,CNN,8357.3335619,0.9175028771023037,0.08249712289769628,0.42450704225352115,1.0,0.5960055368795729,0.9535510196744976
scribejava,CNN,8357.3335619,0.8967674661105318,0.10323253388946818,0.7875536480686696,1.0,0.8811524609843938,0.9221822299138375
flex-poker,CNN,8357.3335619,0.8654993021190204,0.13450069788097962,0.7893626991565136,0.9543909348441927,0.8640677096691459,0.9012665838923422
geometrycommands,CNN,8357.3335619,0.7869205892921308,0.21307941070786918,0.7844420210832425,1.0,0.8792014666938276,0.46015310472659865
regex-builder,CNN,8357.3335619,0.9771359807460891,0.022864019253910906,0.9506493506493506,1.0,0.9747003994673767,0.9788376226570303
fixture-factory,CNN,8357.3335619,0.7833840800347978,0.21661591996520224,0.7635135135135135,0.9949685534591195,0.86400873839432,0.6947490042667944
pengyifan-commons,CNN,8357.3335619,0.8991609695463021,0.10083903045369791,0.7868525896414342,0.9970551114850652,0.8795694934125069,0.9386246283390665
opencv,CNN,8357.3335619,0.9546059637912673,0.045394036208732724,0.17632850241545894,1.0,0.29979466119096515,0.9882183310100232
pentaho-osgi-bundles,CNN,8357.3335619,0.8081819170928082,0.19181808290719182,0.7803573757662711,0.986967997360607,0.8715856945152596,0.7560996421446271
getdown,CNN,8357.3335619,0.9861751152073732,0.01382488479262678,0.7537796976241901,1.0,0.8596059113300492,0.9933457375456858
Cache,CNN,8357.3335619,0.9205298013245033,0.07947019867549665,0.8536585365853658,1.0,0.9210526315789475,0.938800705467372
dropwizard-api-key-bundle,CNN,8357.3335619,0.9642857142857143,0.0357142857142857,0.9032258064516129,1.0,0.9491525423728813,0.9709821428571428
java-oembed,CNN,8357.3335619,0.8841698841698842,0.11583011583011582,0.8818897637795275,1.0,0.9372384937238494,0.6488998724489796
softlayer-java,CNN,8357.3335619,0.9929795522324167,0.00702044776758326,0.7309612983770287,0.950487012987013,0.8263937896965421,0.9971329773909513
Mambu-APIs-Java,CNN,8357.3335619,0.9876490428008171,0.012350957199182888,0.6392961876832844,0.9688888888888889,0.7703180212014135,0.9958608266049653
smtp-connection-pool,CNN,8357.3335619,0.6965811965811965,0.30341880341880345,0.0,0.0,0.0,NA
combinatoricslib,CNN,8357.3335619,0.8516794146990356,0.14832058530096437,0.8085015027908974,1.0,0.8941120607787274,0.7830984005609282
exec-maven-plugin,CNN,8357.3335619,0.9597560975609756,0.040243902439024426,0.8490853658536586,1.0,0.9183841714756802,0.965029231931817
samskivert,CNN,8357.3335619,0.9706484641638226,0.029351535836177445,0.7027122226135963,0.9920437593237196,0.8226804123711341,0.9846654259427959
my-bank,CNN,8357.3335619,0.8664259927797834,0.13357400722021662,0.8514056224899599,1.0,0.9197396963123645,0.6873004354136429
asciidoclet,CNN,8357.3335619,0.8603491271820449,0.13965087281795507,0.8461538461538461,0.9898132427843803,0.9123630672926448,0.8028487848426155
HAP-Java,CNN,8357.3335619,0.9754601226993865,0.024539877300613466,0.4453125,0.8142857142857143,0.5757575757575757,0.9866494823399088
ninjaframework-sample,CNN,8357.3335619,1.0,0.0,1.0,1.0,1.0,1.0
sample-spring-hibernate-jersey,CNN,8357.3335619,0.8035087719298246,0.19649122807017538,0.37777777777777777,1.0,0.5483870967741935,0.9107686899460979
route-service-example,CNN,8357.3335619,0.8679245283018868,0.13207547169811318,1.0,0.7083333333333334,0.8292682926829268,0.9899425287356323
JCDP,CNN,8357.3335619,0.5190839694656488,0.48091603053435117,0.0,0.0,0.0,NA
ofx4j,CNN,8357.3335619,0.9002672903441363,0.09973270965586367,0.6522767593140154,0.9919064748201439,0.7870139136639316,0.9585870593635882
anomaly_detection,CNN,8357.3335619,0.6092896174863388,0.3907103825136612,0.5949008498583569,1.0,0.7460035523978684,0.6171855921855922
jackson-module-jsonSchema,CNN,8357.3335619,0.8163704900376952,0.18362950996230476,0.7232142857142857,1.0,0.839378238341969,0.8371912127950776
config-magic,CNN,8357.3335619,0.8274874731567645,0.17251252684323548,0.777264325323475,1.0,0.87467498699948,0.7910236614513384
dd-plist,CNN,8357.3335619,0.8300557194362504,0.16994428056374955,0.7248104008667389,0.9922135706340378,0.8376897793081859,0.8346216522736689
retrofit1-okhttp3-client,CNN,8357.3335619,0.9076923076923077,0.09230769230769231,0.905511811023622,1.0,0.9504132231404958,0.36550724637681165
gae-java-mini-profiler,CNN,8357.3335619,0.9157088122605364,0.08429118773946365,0.7349397590361446,1.0,0.8472222222222222,0.9490437158469944
solr-redis,CNN,8357.3335619,0.8930232558139535,0.10697674418604652,0.8571428571428571,0.9940298507462687,0.9205252246026261,0.8978017320803391
ruian2pgsql,CNN,8357.3335619,0.9762952448545067,0.023704755145493306,0.8701399688958009,1.0,0.9305613305613305,0.9879381450761356
highchart-java-api,CNN,8357.3335619,0.8781818181818182,0.12181818181818183,0.0,0.0,0.0,NA
spring-data-jdbc-repository,CNN,8357.3335619,0.9409221902017291,0.05907780979827093,0.9312080536912751,1.0,0.9643788010425716,0.7961954760515911
jopt-simple,CNN,8357.3335619,0.9434800161485668,0.0565199838514332,0.9428338097182524,1.0,0.9705758722152166,0.6261845470106622
recast4j,CNN,8357.3335619,0.515893313847278,0.484106686152722,0.7587939698492462,0.26205528697161273,0.38956970422924536,0.7645642781752662
PdfLayoutManager,CNN,8357.3335619,0.42562277580071173,0.5743772241992883,0.08086560364464693,1.0,0.14963119072708114,0.9214028549105728
pdi-teradata-tpt-plugin,CNN,8357.3335619,0.9159453741104059,0.08405462588959411,0.7664670658682635,0.24334600760456274,0.36940836940836935,0.964806521404818
firebase-token-generator-java,CNN,8357.3335619,0.7991071428571429,0.2008928571428571,0.7897196261682243,1.0,0.8825065274151437,0.657235072619688
geoapi,CNN,8357.3335619,0.3365650969529086,0.6634349030470914,0.0,0.0,0.0,NA
linode-api,CNN,8357.3335619,0.611336032388664,0.38866396761133604,0.4666666666666667,0.38461538461538464,0.4216867469879518,0.6403564384333615
fabric-api,CNN,8357.3335619,0.9930916808855965,0.006908319114403483,0.6959798994974874,0.860248447204969,0.7694444444444444,0.9966092254115787
neo4j-rdbms-import,CNN,8357.3335619,0.9908045977011494,0.00919540229885063,0.9069767441860465,1.0,0.951219512195122,0.9959774022274022
front-end-angularjs-automate-tasks,CNN,8357.3335619,0.6060606060606061,0.3939393939393939,0.5185185185185185,1.0,0.6829268292682926,0.5108082706766918
java-openstack-swift,CNN,8357.3335619,0.943545829368855,0.056454170631144995,0.6337448559670782,1.0,0.7758186397984886,0.971714445484217
conciliator,CNN,8357.3335619,0.8025505716798593,0.19744942832014067,0.7520706791827719,1.0,0.8584935392373148,0.7795617899373986
coveralls-maven-plugin,CNN,8357.3335619,0.8744939271255061,0.1255060728744939,0.8568421052631578,0.9771908763505402,0.9130678631519911,0.8499534142015015
msgpack-java,CNN,8357.3335619,0.8859099350046425,0.11409006499535745,0.8346801346801347,0.9997983464408147,0.9098082392880081,0.8864511250939685
crunch-lib,CNN,8357.3335619,0.8651685393258427,0.1348314606741573,0.8477801268498943,1.0,0.9176201372997712,0.6678510490690567
reproducible-build-maven-plugin,CNN,8357.3335619,0.9796747967479674,0.020325203252032575,0.9166666666666666,1.0,0.9565217391304348,0.9932145406949072
MrGerkins,CNN,8357.3335619,0.9652855543113102,0.034714445688689755,0.7727272727272727,0.9902912621359223,0.8680851063829788,0.9854246036622833
orientqb,CNN,8357.3335619,0.954384186517993,0.04561581348200705,0.9530761209593326,1.0,0.9759743726641751,0.7934260167509244
smartsheet-java-sdk,CNN,8357.3335619,0.9456917095196288,0.054308290480371224,0.9182329006006588,0.9976842105263158,0.9563111694077289,0.9396005029638944
solarpositioning,CNN,8357.3335619,0.842274678111588,0.15772532188841204,0.8296382730455076,0.9985955056179775,0.9063097514340344,0.6712198352911134
spring-data-mybatis,CNN,8357.3335619,0.6390243902439025,0.36097560975609755,0.3983739837398374,1.0,0.5697674418604651,0.8038330716902146
log4j2-elasticsearch,CNN,8357.3335619,1.0,0.0,0.0,0.0,0.0,NA
simplelenium,CNN,8357.3335619,0.8808988764044944,0.11910112359550562,0.8792505204718946,0.8979447200566973,0.8884992987377278,0.9289931768376126
jackson-datatype-hibernate,CNN,8357.3335619,0.8127317676143387,0.18726823238566126,0.6960882647943831,1.0,0.820816085156712,0.8480864116671033
messenger4j,CNN,8357.3335619,0.9275855171034206,0.07241448289657937,0.9153641993512238,0.976407675369613,0.9449010654490106,0.9238823460276746
microservices-demo,CNN,8357.3335619,0.8632707774798928,0.13672922252010722,0.46875,1.0,0.6382978723404256,0.948170731707317
redline,CNN,8357.3335619,0.8180845371856608,0.18191546281433923,0.7312054866789766,0.999639379733141,0.8446069469835467,0.8294118530308263
rpgleparser,CNN,8357.3335619,0.7110023504209931,0.28899764957900687,0.4671085877352041,0.9128616242593238,0.6179923311375479,0.8125430417946187
saucerest-java,CNN,8357.3335619,0.8138987043580683,0.18610129564193167,0.7095588235294118,1.0,0.8301075268817205,0.8647310287715843
great-expectations,CNN,8357.3335619,0.7863945578231293,0.21360544217687072,0.7569659442724458,1.0,0.8616740088105728,0.6651952715846177
edireader,CNN,8357.3335619,0.9006249517784122,0.09937504822158783,0.8226832641770401,0.9989922741014444,0.9023058252427184,0.9195454480736885
clp-java,CNN,8357.3335619,0.8577235772357723,0.1422764227642277,0.7262059973924381,1.0,0.8413897280966767,0.8825415182766375
district,CNN,8357.3335619,0.5093632958801498,0.49063670411985016,0.9295774647887324,0.34375,0.5019011406844106,0.7340625
greplin-zookeeper-utils,CNN,8357.3335619,0.9072847682119205,0.0927152317880795,0.8808510638297873,1.0,0.9366515837104072,0.9090261886600559
compile-testing,CNN,8357.3335619,0.8427656166577683,0.15723438334223172,0.7960526315789473,1.0,0.8864468864468864,0.7855840389725048
spring-jpa-bulk,CNN,8357.3335619,0.8333333333333334,0.16666666666666663,0.8072289156626506,1.0,0.8933333333333333,0.7411219763252703
freemarker-scripting,CNN,8357.3335619,0.9906542056074766,0.009345794392523366,0.9895833333333334,1.0,0.9947643979057591,0.9645833333333333
depgraph-maven-plugin,CNN,8357.3335619,0.9314385440039891,0.06856145599601093,0.8944337811900192,1.0,0.9442755825734549,0.9044096733754943
incubator-taverna-common-activities,CNN,8357.3335619,0.8491870439124312,0.15081295608756884,0.7083436494181728,1.0,0.8292753623188407,0.8939008046208325
apex-core,CNN,8357.3335619,0.9711033274956217,0.02889667250437833,0.8398058252427184,1.0,0.9129287598944591,0.9862202258451296
docopt.java,CNN,8357.3335619,0.18077474892395984,0.8192252510760402,0.0,0.0,0.0,NA
lambda-spec,CNN,8357.3335619,0.5041322314049587,0.49586776859504134,0.34065934065934067,1.0,0.5081967213114754,0.7213261648745519
literate-plugin,CNN,8357.3335619,0.9851138353765324,0.01488616462346759,0.701067615658363,0.9949494949494949,0.8225469728601252,0.9968287739514154
metrics-datadog,CNN,8357.3335619,0.7298050139275766,0.2701949860724234,0.6088709677419355,1.0,0.7568922305764411,0.9124426897605705
argparse4j,CNN,8357.3335619,0.8897481219619974,0.11025187803800263,0.8669688083177819,1.0,0.9287448236470084,0.7886082903215217
maven-force-plugin,CNN,8357.3335619,0.8115942028985508,0.18840579710144922,0.7425742574257426,1.0,0.8522727272727273,0.8419047619047619
mobile-deposit-api-devoxx2017,CNN,8357.3335619,0.391304347826087,0.6086956521739131,0.3333333333333333,1.0,0.5,0.5848214285714286
npm-maven-plugin,CNN,8357.3335619,0.811787072243346,0.188212927756654,0.7660818713450293,0.6894736842105263,0.7257617728531855,0.9039943609022556
java-string-similarity,CNN,8357.3335619,0.8814016172506739,0.1185983827493261,0.8739255014326648,1.0,0.9327217125382263,0.7070044709388972
dropwizard-junit,CNN,8357.3335619,0.8166666666666667,0.18333333333333335,0.9545454545454546,0.6774193548387096,0.7924528301886793,0.9744160177975529
kinneret-server,CNN,8357.3335619,0.3505747126436782,0.6494252873563218,0.0,0.0,0.0,NA
socketio,CNN,8357.3335619,0.9255165785679962,0.07448342143200382,0.767616191904048,1.0,0.8685326547921967,0.9602783669933077
cts,CNN,8357.3335619,0.7916473078312942,0.20835269216870578,0.7679858996955616,0.8937162036173784,0.8260944501895897,0.8496631159648717
sanselan,CNN,8357.3335619,0.803898856466877,0.19610114353312302,0.6785055850775404,0.860532288013204,0.7587545098990388,0.8729220028790338
parso,CNN,8357.3335619,0.6197478991596639,0.3802521008403361,0.5603238866396761,1.0,0.7182148417228853,0.5615916667975622
marine-api,CNN,8357.3335619,0.8361761710794298,0.16382382892057024,0.7405688924752875,0.9997276688453159,0.8508517788851547,0.8625457964150182
cassandra-lucene-index,CNN,8357.3335619,0.8981132075471698,0.10188679245283017,0.8114314448541736,0.9981443298969073,0.8951553254437871,0.918597691903605
celerio,CNN,8357.3335619,0.9579248077872611,0.04207519221273892,0.6382783882783882,0.9961886612672701,0.778046511627907,0.9814397203227879
FaceRecognition,CNN,8357.3335619,0.7976394441271655,0.20236055587283452,0.8868360277136259,0.5570599613152805,0.6842886842886843,0.9593404316048693
BingAds-Java-SDK,CNN,8357.3335619,0.9347738656721875,0.06522613432781255,0.8475965040058266,0.9883227176220807,0.9125661634973535,0.9473658756301137
spring-boot-thymeleaf-fragments,CNN,8357.3335619,0.9178082191780822,0.0821917808219178,0.8938053097345132,1.0,0.9439252336448598,0.9140814081408141
eigenbase-xom,CNN,8357.3335619,0.9655329833371377,0.03446701666286234,0.6636971046770601,1.0,0.7978580990629184,0.9776832898562875
jcabi-w3c,CNN,8357.3335619,0.8565629228687416,0.14343707713125842,0.6929824561403509,0.9957983193277311,0.8172413793103448,0.8755975444069843
java-refactoring-exercise,CNN,8357.3335619,0.42105263157894735,0.5789473684210527,0.0,0.0,0.0,NA
gitlab4j-api,CNN,8357.3335619,0.8930271632595912,0.1069728367404088,0.8728246318607764,0.49356548069644207,0.6305609284332688,0.9881885667818143
cloud-middleware-blog,CNN,8357.3335619,0.9166666666666666,0.08333333333333337,0.0,0.0,0.0,0.6818181818181818
2015-SpaceInvaders-Bot-Java,CNN,8357.3335619,0.8317152103559871,0.16828478964401294,0.36585365853658536,1.0,0.5357142857142857,0.883542413381123
multids-demo,CNN,8357.3335619,0.835820895522388,0.16417910447761197,0.0,0.0,0.0,0.637987012987013
springboot-angular-atmosphere-quickstart,CNN,8357.3335619,0.6346153846153846,0.3653846153846154,0.36666666666666664,1.0,0.5365853658536585,0.9595959595959596
GeoJSON-POJO,CNN,8357.3335619,0.8828828828828829,0.11711711711711714,0.8773584905660378,1.0,0.9346733668341709,0.543010752688172
sonar-objective-c,CNN,8357.3335619,0.9295039164490861,0.07049608355091386,0.8011204481792717,0.9662162162162162,0.8759571209800919,0.9628061531637147
dictomaton,CNN,8357.3335619,0.3613551952169581,0.638644804783042,0.24282489519509837,0.9973509933774835,0.3905601659751038,0.7395275827487495
hellosign-java-sdk,CNN,8357.3335619,0.7571065403281719,0.24289345967182807,0.5248643761301989,1.0,0.688407945449155,0.8566793335520656
bandit-ranking,CNN,8357.3335619,0.9022801302931596,0.09771986970684043,0.6875,1.0,0.8148148148148148,0.954276295108764
CS3219-KWIC-demo,CNN,8357.3335619,0.963855421686747,0.03614457831325302,0.9174311926605505,1.0,0.9569377990430622,0.9701761744966443
wire,CNN,8357.3335619,0.9477496120020693,0.05225038799793069,0.8472012102874432,1.0,0.9172809172809173,0.9646368744147332
multi-module-maven-release-plugin,CNN,8357.3335619,0.9713925115692049,0.02860748843079508,0.9024390243902439,1.0,0.9487179487179488,0.9856415508252903
jchronic,CNN,8357.3335619,0.8323471400394478,0.16765285996055224,0.7917233868772121,1.0,0.8837562680443701,0.8461268425055166
fscrawler,CNN,8357.3335619,0.7900839664134346,0.2099160335865654,0.5606441872169099,0.8628969790859798,0.6796827333740085,0.8423229784961117
exec-java,CNN,8357.3335619,1.0,0.0,0.0,0.0,0.0,NA
mtg-sdk-java,CNN,8357.3335619,0.9018691588785047,0.09813084112149528,0.8390804597701149,1.0,0.9125,0.8830263704092111
spring-petclinic,CNN,8357.3335619,0.8652849740932642,0.13471502590673579,0.7955555555555556,0.9675675675675676,0.8731707317073172,0.8642496974586527
moshi,CNN,8357.3335619,0.8620162153893223,0.13798378461067773,0.8479177204518631,1.0,0.9177007299270072,0.7827281475663961
Java-Naive-Bayes-Classifier,CNN,8357.3335619,0.8818443804034583,0.11815561959654175,0.8232758620689655,1.0,0.9030732860520094,0.8721976104175058
coreNlp,CNN,8357.3335619,0.8726114649681529,0.1273885350318471,0.869281045751634,1.0,0.9300699300699301,0.5650062656641603
autolink-java,CNN,8357.3335619,0.8612303290414879,0.13876967095851211,0.860632183908046,1.0,0.9250965250965251,0.4154424040066778
modeler,CNN,8357.3335619,0.8510139416983523,0.14898605830164768,0.628282189180639,0.9997483010319658,0.7716367168528412,0.8866285877202241
HtmlFlow,CNN,8357.3335619,0.948051948051948,0.051948051948051965,0.924119241192412,1.0,0.9605633802816902,0.9384608548831422
java-lattices,CNN,5560.84589505,0.7625510316672184,0.23744896833278162,0.7570558249409425,0.9685064418641641,0.8498255408234474,0.6952273377341012
sparkey-java,CNN,5560.84589505,0.956763590391909,0.04323640960809105,0.9471423851998678,0.9961779013203613,0.9710414902624894,0.9524586350652309
artifactory-plugin,CNN,5560.84589505,0.9991668055324112,0.0008331944675887826,0.8790322580645161,1.0,0.9356223175965666,0.9995190843530146
multibit-hardware,CNN,5560.84589505,0.9797297297297297,0.020270270270270285,0.8020304568527918,1.0,0.8901408450704225,0.9890190231804694
abc-bank,CNN,5560.84589505,0.8664259927797834,0.13357400722021662,0.8514056224899599,1.0,0.9197396963123645,0.6628084179970972
invokebinder,CNN,5560.84589505,0.9458278724333771,0.05417212756662293,0.9166666666666666,1.0,0.9565217391304348,0.9443211539985734
brickhouse,CNN,5560.84589505,0.9758789860997547,0.024121013900245347,0.6912181303116147,0.9644268774703557,0.8052805280528053,0.9914094031782439
darcy-webdriver,CNN,5560.84589505,0.9456380208333334,0.05436197916666663,0.8032979976442874,1.0,0.890920966688439,0.9665078712622241
nv-websocket-client,CNN,5560.84589505,0.9381601102097046,0.06183988979029542,0.6576271186440678,1.0,0.7934560327198364,0.9744423642038648
pentaho-versionchecker,CNN,5560.84589505,0.8477218225419664,0.15227817745803363,0.8378033205619413,1.0,0.9117442668519805,0.44462095779665656
dynamodb-transactions,CNN,5560.84589505,0.9515281757402101,0.04847182425978991,0.7152875175315568,1.0,0.8340147179067867,0.975639200759151
sample-broker,CNN,5560.84589505,0.9223433242506812,0.07765667574931878,0.5595238095238095,0.7014925373134329,0.6225165562913907,0.9586922956432232
coffee-graph,CNN,5560.84589505,0.7561588738059326,0.2438411261940674,0.6447368421052632,0.9366786140979689,0.7637603507062835,0.8137419313354572
safe-html-types,CNN,5560.84589505,0.9039111540318686,0.09608884596813139,0.7600964436407475,1.0,0.8636986301369862,0.9206502390212228
elasticsearch-dataformat,CNN,5560.84589505,0.967828418230563,0.03217158176943702,0.953125,1.0,0.976,0.954561500120021
dropwizard-guice,CNN,5560.84589505,0.8725490196078431,0.12745098039215685,0.8470588235294118,1.0,0.9171974522292993,0.7939814814814815
jackson-datatype-json-org,CNN,5560.84589505,0.8888888888888888,0.11111111111111116,0.8342245989304813,1.0,0.9096209912536443,0.9203147800708776
sctrcd-payment-validation-web,CNN,5560.84589505,0.8344632768361582,0.16553672316384183,0.6711560044893379,1.0,0.8032236400268637,0.8754815539854122
deors.demos.petclinic,CNN,5560.84589505,0.9431034482758621,0.05689655172413788,0.7893617021276595,1.0,0.882282996432818,0.9565514009675152
specification-arg-resolver,CNN,5560.84589505,0.8703703703703703,0.12962962962962965,0.8462745098039216,1.0,0.9167374681393373,0.7331257879269788
ci-sauce,CNN,5560.84589505,0.7794361525704809,0.22056384742951907,0.6184971098265896,0.9953488372093023,0.7629233511586453,0.8672600495484697
nexus-artifact-uploader-plugin,CNN,5560.84589505,0.999009900990099,0.000990099009900991,0.9230769230769231,1.0,0.9600000000000001,0.9995407481629927
elasticsearch-csv,CNN,5560.84589505,1.0,0.0,0.0,0.0,0.0,NA
lib-ussd,CNN,5560.84589505,0.8669690098261527,0.13303099017384734,0.7843137254901961,1.0,0.8791208791208792,0.860662975841874
datasource-proxy,CNN,5560.84589505,0.9473590925203829,0.05264090747961714,0.9171548117154812,1.0,0.956787429070275,0.941567919284254
desktop-maven-notifier,CNN,5560.84589505,0.8978723404255319,0.10212765957446812,0.5471698113207547,1.0,0.7073170731707317,0.9329804151322396
Alternator,CNN,5560.84589505,0.5536691843947058,0.4463308156052942,0.0,0.0,0.0,NA
ATLauncher,CNN,5560.84589505,0.9973302379570517,0.0026697620429483315,0.0,0.0,0.0,NA
aalto-xml,CNN,5560.84589505,0.5812605352958106,0.41873946470418943,0.0,0.0,0.0,NA
braintree_java,CNN,5560.84589505,0.5964938908704561,0.4035061091295439,0.29295212765957446,1.0,0.45315231924303195,0.8213995222148898
pazuzu-registry,CNN,5560.84589505,0.9648370497427101,0.03516295025728988,0.9555822328931572,0.995,0.9748928352725046,0.9622404371584699
SonarTsPlugin,CNN,5560.84589505,0.8680504077094143,0.13194959229058567,0.8564516129032258,1.0,0.9226759339704604,0.7038261908042809
eplan,CNN,5560.84589505,0.4351090454057919,0.564890954594208,0.0,0.0,0.0,NA
http-signatures-java,CNN,5560.84589505,0.898989898989899,0.101010101010101,0.8788546255506607,1.0,0.9355216881594373,0.8363800394456933
java-dirty,CNN,5560.84589505,0.8909090909090909,0.10909090909090913,0.8933823529411765,0.9959016393442623,0.9418604651162791,0.4280142781597039
cos-java-sdk-v4,CNN,5560.84589505,0.9959079283887468,0.004092071611253245,0.0,0.0,0.0,1.0
sonar-build-stability,CNN,5560.84589505,0.8028477546549836,0.1971522453450164,0.7695262483994878,1.0,0.869753979739508,0.7500053329920219
ibox-app,CNN,5560.84589505,1.0,0.0,0.0,0.0,0.0,NA
ci.ant,CNN,5560.84589505,0.9460801702731465,0.053919829726853497,0.899702823179792,0.9861563517915309,0.940947940947941,0.9733619688926105
launchpad-addon,CNN,5560.84589505,0.9406087602078693,0.05939123979213068,0.47019867549668876,1.0,0.6396396396396397,0.9458861318380501
easytest,CNN,5560.84589505,0.649294670846395,0.35070532915360497,0.0,0.0,0.0,NA
bloomfilter,CNN,5560.84589505,0.8724226804123711,0.12757731958762886,0.8917525773195877,0.6892430278884463,0.7775280898876404,0.9467804970593815
nv-i18n,CNN,5560.84589505,0.9244142101284959,0.0755857898715041,0.9020568070519099,1.0,0.9485066941297632,0.9052255011587017
Sparqlify,CNN,5560.84589505,0.8504618402046145,0.14953815979538554,0.0,0.0,0.0,NA
BroadleafCommerce,CNN,5560.84589505,0.9149763750750516,0.08502362492494842,0.18382722250125566,0.9905277401894452,0.31010379156958273,0.9565433570850613
rhinodo,CNN,5560.84589505,0.8742632612966601,0.1257367387033399,0.6341463414634146,0.9338374291115312,0.7553516819571866,0.9008686650463588
mybatis-sample,CNN,5560.84589505,0.9375,0.0625,0.9333333333333333,1.0,0.9655172413793104,0.9642857142857143
elasticsearch-customisations,CNN,5560.84589505,0.7575757575757576,0.24242424242424243,0.7575757575757576,1.0,0.8620689655172413,0.1825
matris,CNN,5560.84589505,0.891566265060241,0.10843373493975905,0.8301886792452831,1.0,0.9072164948453608,0.863927738927739
datastructure,CNN,5560.84589505,0.9665178571428571,0.033482142857142905,0.8885350318471338,1.0,0.9409780775716694,0.9790093661833128
magnetictrackparser,CNN,5560.84589505,0.7403225806451613,0.2596774193548387,0.0,0.0,0.0,NA
contentful.java,CNN,5560.84589505,0.8707239459029436,0.12927605409705645,0.8594360086767896,0.9994954591321897,0.9241894098437137,0.7424973255540466
maven-embedded-mysql,CNN,5560.84589505,0.7931034482758621,0.2068965517241379,0.7669902912621359,1.0,0.868131868131868,0.7801725776409321
pangu.java,CNN,5560.84589505,0.9,0.09999999999999998,0.9,1.0,0.9473684210526316,0.7314814814814814
spring-eap6-quickstart,CNN,5560.84589505,0.3728813559322034,0.6271186440677966,0.0,0.0,0.0,NA
spring-boot-mvc-test,CNN,5560.84589505,1.0,0.0,0.0,0.0,0.0,NA
aerogear-digger-java-client,CNN,5560.84589505,0.8047619047619048,0.1952380952380952,0.6929133858267716,0.9777777777777777,0.8110599078341013,0.9043402777777778
BitcoinCore,CNN,5560.84589505,0.8718876823516508,0.12811231764834918,0.720105439731608,1.0,0.8372805795486208,0.9225613016264341
forum,CNN,5560.84589505,1.0,0.0,0.0,0.0,0.0,NA
dropwizard-redirect-bundle,CNN,5560.84589505,0.907103825136612,0.09289617486338797,0.8881578947368421,1.0,0.9407665505226481,0.8750771604938271
easy-httpserver,CNN,5560.84589505,0.9990089197224975,0.0009910802775024985,0.0,0.0,0.0,0.9910714285714286
java-apns-gae,CNN,5560.84589505,0.9646017699115044,0.03539823008849563,0.893048128342246,1.0,0.943502824858757,0.9733247073691812
Jawk,CNN,5560.84589505,0.9097292472478429,0.09027075275215712,0.5912153058474805,1.0,0.7430990685859441,0.9514529081653057
skype-java-api,CNN,5560.84589505,0.9722615341069912,0.027738465893008768,0.8482428115015974,0.9943820224719101,0.9155172413793105,0.9813109519652619
meerkat,CNN,5560.84589505,0.9809264305177112,0.019073569482288777,0.9851485148514851,0.9802955665024631,0.9827160493827161,0.9935682746605792
boot-stateless-social,CNN,5560.84589505,0.9261744966442953,0.0738255033557047,0.7659574468085106,1.0,0.8674698795180723,0.9367779006882989
elasticsearch-redis-river,CNN,5560.84589505,1.0,0.0,0.0,0.0,0.0,NA
pdi-dataservice-plugin,CNN,5560.84589505,0.8013816925734024,0.19861830742659758,0.7689371107092626,1.0,0.8693775556565198,0.7059858093304657
flatten-maven-plugin,CNN,5560.84589505,0.9594003747657714,0.040599625234228554,0.2441860465116279,1.0,0.3925233644859813,0.9906871609403255
offliner,CNN,5560.84589505,0.9681978798586572,0.03180212014134276,0.8452722063037249,1.0,0.9161490683229814,0.9850356983219977
org.vaadin.mvp,CNN,5560.84589505,0.8694690265486725,0.13053097345132747,0.8046783625730994,0.9856733524355301,0.8860270444301352,0.8685671610593881
java-ipv6,CNN,5560.84589505,0.8834146341463415,0.11658536585365853,0.8638952164009112,1.0,0.9269783073632752,0.7167950222679551
java-junior,CNN,5560.84589505,1.0,0.0,1.0,1.0,1.0,NA
datatable-thymeleaf-spring-boot-starter,CNN,5560.84589505,0.8113207547169812,0.18867924528301883,0.0,0.0,0.0,0.7779069767441861
gitlab-github-proxy,CNN,5560.84589505,0.8986784140969163,0.10132158590308371,0.38028169014084506,0.9310344827586207,0.54,0.9461866125760648
java-object-mapper-benchmark,CNN,5560.84589505,0.9801346801346801,0.01986531986531992,0.8621495327102804,1.0,0.9259723964868256,0.9871125239510757
simplegraphiteclient,CNN,5560.84589505,0.8363636363636363,0.1636363636363637,0.7631578947368421,1.0,0.8656716417910448,0.8368700265251989
kodokojo,CNN,5560.84589505,0.9730364620569911,0.026963537943008875,0.565121412803532,0.7925696594427245,0.6597938144329897,0.9880462591280259
omniture-data-tools,CNN,5560.84589505,0.9087248322147651,0.09127516778523492,0.6894977168949772,1.0,0.8162162162162162,0.9478783419180771
HdrHistogramVisualizer,CNN,5560.84589505,0.9486329743164872,0.05136702568351281,0.7987012987012987,1.0,0.8880866425992779,0.9747087637369609
fast-classpath-scanner,CNN,5560.84589505,0.8082668937224243,0.19173310627757567,0.6811474279409736,0.9676724137931034,0.7995143666531768,0.8579034646217286
spring-boot-heroku-demo,CNN,5560.84589505,0.8947368421052632,0.10526315789473684,0.8823529411764706,1.0,0.9375,0.75
Spigot-API,CNN,5560.84589505,0.9545145717861613,0.04548542821383872,0.7242575330587471,1.0,0.8400804626602968,0.9771867480136815
zt-zip,CNN,5560.84589505,0.8500462107208873,0.14995378927911274,0.7609481719566091,0.9722792607802875,0.8537299977462249,0.8960013933704899
repository-connector-plugin,CNN,5560.84589505,0.9823529411764705,0.01764705882352946,0.9162790697674419,1.0,0.9563106796116505,0.9823106006870987
Confucius,CNN,5560.84589505,0.9368421052631579,0.06315789473684208,0.9352850539291218,1.0,0.9665605095541402,0.6567772538771801
apache-camel-invoices,CNN,5560.84589505,0.9327354260089686,0.06726457399103136,0.7321428571428571,1.0,0.8453608247422679,0.9730635218440097
hmm,CNN,5560.84589505,0.868766404199475,0.13123359580052496,0.7282608695652174,1.0,0.8427672955974843,0.8839771285274034
ebson,CNN,5560.84589505,0.872431506849315,0.12756849315068497,0.815365551425031,1.0,0.8982935153583619,0.8963779128672746
graph-maven-plugin,CNN,5560.84589505,0.9396608676502973,0.06033913234970267,0.4530938123752495,1.0,0.6236263736263736,0.998884892747514
fess,CNN,5560.84589505,0.970717375654238,0.02928262434576201,0.5527190818406092,0.9372499090578392,0.6953646852439107,0.9878608102354287
gaia,CNN,5560.84589505,0.9943502824858758,0.005649717514124242,0.9803921568627451,1.0,0.99009900990099,1.0
pentaho-metadata,CNN,5560.84589505,0.9468243001177133,0.05317569988228665,0.48474059003051884,0.9734422880490297,0.6471986417657045,0.9692944961101229
RestClient,CNN,5560.84589505,0.8042553191489362,0.19574468085106378,0.603448275862069,1.0,0.7526881720430108,0.8514526214526215
buspass-ws,CNN,5560.84589505,0.5652173913043478,0.4347826086956522,0.0,0.0,0.0,NA
spring-security-sample,CNN,5560.84589505,0.19047619047619047,0.8095238095238095,1.0,0.05555555555555555,0.10526315789473684,0.9547325102880658
addon-administration,CNN,5560.84589505,0.9626451287228672,0.03735487127713277,0.6991869918699187,1.0,0.8229665071770336,0.9716979540283079
hsqldb-maven-plugin,CNN,5560.84589505,0.9908496732026144,0.009150326797385588,0.9339622641509434,1.0,0.9658536585365853,0.9943731610398278
java-dcp-client,CNN,5560.84589505,0.9887536873156342,0.011246312684365822,0.675531914893617,1.0,0.8063492063492063,0.9927547757681885
dropwizard-raven,CNN,5560.84589505,0.7264150943396226,0.2735849056603774,0.5396825396825397,1.0,0.7010309278350516,0.6378676470588235
metadata-extractor,CNN,5560.84589505,0.9065689279282125,0.09343107207178747,0.6250483683735328,0.9897875816993464,0.7662265791762195,0.9479601724160678
spring-rest-service-oauth,CNN,5560.84589505,0.8615384615384616,0.1384615384615384,1.0,0.8333333333333334,0.9090909090909091,1.0
spring-mvc-hibernate-skeleton,CNN,5560.84589505,0.9285714285714286,0.0714285714285714,0.782608695652174,1.0,0.878048780487805,0.9272168803418803
greplin-bloom-filter,CNN,5560.84589505,0.7627314814814815,0.2372685185185185,0.7054597701149425,1.0,0.827295703454086,0.7184385971617806
spark-jobs-rest-client,CNN,5560.84589505,0.9429735234215886,0.05702647657841142,0.9392405063291139,0.9893333333333333,0.9636363636363636,0.9289770114942529
sIRC,CNN,5560.84589505,0.9914841849148418,0.008515815085158196,0.7941176470588235,1.0,0.8852459016393442,0.9928048243911277
embedded-redis,CNN,5560.84589505,0.9822064056939501,0.017793594306049876,0.9784615384615385,0.9984301412872841,0.9883449883449883,0.9581891755955556
gradle-maven-plugin,CNN,5560.84589505,1.0,0.0,0.0,0.0,0.0,NA
graphflow,CNN,5560.84589505,0.6147308781869688,0.3852691218130312,0.0,0.0,0.0,NA
dropwizard-activemq-bundle,CNN,5560.84589505,0.8909426987060998,0.10905730129390023,0.7649402390438247,1.0,0.8668171557562077,0.9238449140401146
finddups,CNN,5560.84589505,0.7283950617283951,0.2716049382716049,0.6057347670250897,1.0,0.7544642857142858,0.7106107712365861
mixer2,CNN,5560.84589505,0.8112420060585661,0.1887579939414339,0.9859846455990002,0.14126931341450935,0.2471304231087642,0.9003508864890243
gatein-api-java,CNN,5560.84589505,0.8807876530069185,0.11921234699308147,0.757847533632287,0.9883040935672515,0.8578680203045685,0.9268516479483226
osstrich,CNN,5560.84589505,1.0,0.0,1.0,1.0,1.0,1.0
RMLProcessor,CNN,5560.84589505,0.3610759493670886,0.6389240506329115,0.0,0.0,0.0,NA
Mapper,CNN,5560.84589505,0.7365014477942429,0.26349855220575713,0.8994657600777076,0.5802005012531328,0.7053894496286421,0.9293396097560063
java-uuid-generator,CNN,5560.84589505,0.8984113712374582,0.10158862876254182,0.7895791583166333,0.9598051157125457,0.8664101154480484,0.9517898636290687
lienzo-core,CNN,5560.84589505,0.97906717802796,0.02093282197204005,0.0,0.0,0.0,NA
metrics-kafka,CNN,5560.84589505,0.6711711711711712,0.3288288288288288,0.10457516339869281,0.64,0.17977528089887643,0.735035799522673
react,CNN,5560.84589505,0.827894844517185,0.17210515548281502,0.5810162991371045,0.7197149643705463,0.6429708222811671,0.8974827302506804
arbiter,CNN,5560.84589505,0.8920539730134932,0.1079460269865068,0.7860169491525424,0.9814814814814815,0.8729411764705883,0.9096693652918552
dropwizard-configurable-assets-bundle,CNN,5560.84589505,0.8748019017432647,0.12519809825673534,0.8435643564356435,1.0,0.9151450053705693,0.7723920760334364
guestbook,CNN,5560.84589505,0.8266666666666667,0.17333333333333334,0.59375,1.0,0.7450980392156863,0.9948308270676692
GWTP,CNN,5560.84589505,0.9726603575184016,0.02733964248159837,0.8589743589743589,0.997872340425532,0.9232283464566929,0.9865068169034205
sparklr-boot,CNN,5560.84589505,0.09090909090909091,0.9090909090909091,0.06976744186046512,1.0,0.13043478260869565,0.39735772357723576
coffee-gb,CNN,5560.84589505,0.8944138146260272,0.1055861853739728,0.44353070175438597,1.0,0.6145081655905811,0.9560075373088646
shiro-guice-async-webapp,CNN,5560.84589505,0.8924418604651163,0.10755813953488369,0.0,0.0,0.0,NA
gather,CNN,5560.84589505,0.8534653465346534,0.14653465346534655,0.8512861736334405,1.0,0.9196699956578376,0.42132545886086964
cpf,CNN,5560.84589505,0.9399497761764385,0.06005022382356151,0.7465857359635811,0.9678688524590164,0.8429468874928612,0.9713914884661802
javapoet,CNN,5560.84589505,0.8618915710328453,0.1381084289671547,0.855546357615894,1.0,0.9221503457506134,0.6005461075703078
ExcelUtil,CNN,5560.84589505,0.7260920897284534,0.2739079102715466,0.18596491228070175,1.0,0.3136094674556213,0.896547217337579
sonar-slack-notifier-plugin,CNN,7453.09152603,0.7994428969359332,0.20055710306406682,0.7251908396946565,1.0,0.8407079646017699,0.7757785736530676
metrics-statsd,CNN,7453.09152603,0.2457002457002457,0.7542997542997543,0.5294117647058824,0.02922077922077922,0.05538461538461538,0.7760888101797192
ashot,CNN,7453.09152603,0.4225067385444744,0.5774932614555256,0.23413762287756926,1.0,0.3794351918899348,0.5751755350382929
simplify-java,CNN,7453.09152603,0.6259842519685039,0.37401574803149606,0.6169354838709677,1.0,0.7630922693266833,0.7101857244547984
hahu,CNN,7453.09152603,1.0,0.0,0.0,0.0,0.0,NA
spring-cloud-netflix-zuul-websocket,CNN,7453.09152603,0.9421768707482994,0.05782312925170063,0.68125,1.0,0.8104089219330856,0.9735808300793999
pentaho-data-profiling,CNN,7453.09152603,0.8049522755567852,0.19504772444321483,0.7733285663210583,0.9682184422560429,0.8598688133571855,0.7403833838569381
datanucleus-rdbms,CNN,7453.09152603,0.9999180052923857,8.199470761427463e-05,0.7027027027027027,1.0,0.8253968253968255,0.999960858576445
docker-workflow-plugin,CNN,7453.09152603,1.0,0.0,1.0,1.0,1.0,1.0
IKAnalyzer,CNN,7453.09152603,1.0,0.0,0.0,0.0,0.0,NA
rtree,CNN,7453.09152603,0.8427134603038733,0.15728653969612671,0.8129147524247065,0.9993724505804832,0.896551724137931,0.7140954947779528
CLAVIN-NERD,CNN,7453.09152603,0.9519230769230769,0.04807692307692313,0.8936170212765957,1.0,0.9438202247191011,0.9633256528417818
exp4j,CNN,7453.09152603,0.9366706875753921,0.06332931242460793,0.9343339587242027,1.0,0.9660523763336566,0.6286589447219774
geometry-api-java,CNN,7453.09152603,0.7297563320476578,0.2702436679523422,0.6816927322907084,0.8450438708776503,0.7546295334095396,0.7804843244355515
confluence_http_authenticator,CNN,7453.09152603,0.9981696156192801,0.0018303843807199183,0.9230769230769231,0.8571428571428571,0.888888888888889,0.9998021978021978
heros,CNN,7453.09152603,0.7980958634274459,0.20190413657255413,0.6589963958968672,1.0,0.794451871657754,0.8691940653786767
equalsverifier,CNN,7453.09152603,0.9100213219616204,0.08997867803837956,0.9092277909227791,1.0,0.9524560612888688,0.48804916046744645
silken,CNN,7453.09152603,0.9929390997352162,0.007060900264783787,0.9245283018867925,1.0,0.9607843137254902,0.9954697821157448
fastjson-jaxrs-json-provider,CNN,7453.09152603,0.7781954887218046,0.22180451127819545,0.650887573964497,1.0,0.7885304659498208,0.8904428904428905
java-html-sanitizer,CNN,7453.09152603,0.7505954406260633,0.24940455937393669,0.7991102460725705,0.8840356813288219,0.8394304490690033,0.6783895701139973
mongodb-slow-operations-profiler,CNN,7453.09152603,0.9724334600760456,0.027566539923954414,0.7114427860696517,1.0,0.8313953488372093,0.9836599529995758
ParallelGit,CNN,7453.09152603,0.8164794007490637,0.18352059925093633,0.8037383177570093,1.0,0.8911917098445596,0.6903631529741733
fabric-api-archive,CNN,7453.09152603,0.9923054766901206,0.007694523309879409,0.6792452830188679,1.0,0.8089887640449438,0.9952353247622415
Nexus,CNN,7453.09152603,0.9928025191183086,0.007197480881691365,0.8,1.0,0.888888888888889,0.9969823992589162
hanlp-lucene-plugin,CNN,7453.09152603,0.8526119402985075,0.1473880597014925,0.4352517985611511,0.9918032786885246,0.605,0.9526013805004314
nv-bluetooth,CNN,7453.09152603,0.946988973706531,0.05301102629346899,0.8139880952380952,1.0,0.8974569319114027,0.9768618951623078
SAMLRaider,CNN,7453.09152603,0.8504238164151333,0.14957618358486668,0.55870692284233,1.0,0.716885149677167,0.8863925450685982
commons-lang,CNN,7453.09152603,0.8040787732544563,0.1959212267455437,0.8647994569548151,0.907969757064948,0.8858589675761469,0.6049534551305134
feign-vertx,CNN,7453.09152603,0.9988165680473373,0.0011834319526626835,0.9982788296041308,1.0,0.9991386735572783,0.9982238126219909
digitalocean-api-java,CNN,7453.09152603,0.9427244582043344,0.05727554179566563,0.5035460992907801,0.9466666666666667,0.6574074074074073,0.9705697069296082
maven-plugin,CNN,7453.09152603,0.995367620857584,0.004632379142415988,0.8010204081632653,1.0,0.8895184135977336,0.9974597844170301
dropwizard-elasticsearch,CNN,7453.09152603,0.9054545454545454,0.0945454545454546,0.8624338624338624,1.0,0.9261363636363636,0.948701796669588
cloning,CNN,7453.09152603,0.17790055248618786,0.8220994475138121,0.0,0.0,0.0,NA
spring-security-csrf-filter,CNN,7453.09152603,0.0,1.0,0.0,0.0,0.0,NA
jackson-datatype-jts,CNN,7453.09152603,0.9688995215311005,0.031100478468899517,0.9634831460674157,1.0,0.9814020028612304,0.9577842565597667
indexed-file-reader,CNN,7453.09152603,0.7613941018766756,0.23860589812332444,0.7147435897435898,1.0,0.8336448598130841,0.6248281016442452
spring-embedded-database,CNN,7453.09152603,1.0,0.0,1.0,1.0,1.0,1.0
dropwizard-auth-ldap,CNN,7453.09152603,0.8302469135802469,0.16975308641975306,0.5338983050847458,1.0,0.696132596685083,0.9410083318129295
Parkour,CNN,7453.09152603,0.99727503561033,0.0027249643896699594,0.0,0.0,0.0,0.7341446822444152
maven-simple,CNN,7453.09152603,1.0,0.0,1.0,1.0,1.0,1.0
aerogear-otp-java,CNN,7453.09152603,0.9416058394160584,0.058394160583941646,0.9372549019607843,1.0,0.9676113360323887,0.7234309623430962
Hadoop-Word-Count,CNN,7453.09152603,1.0,0.0,1.0,1.0,1.0,1.0
marathon-maven-plugin,CNN,7453.09152603,0.9375650364203955,0.06243496357960454,0.6984924623115578,1.0,0.8224852071005917,0.9622258397661433
oh-my-email,CNN,7453.09152603,0.8640776699029126,0.13592233009708743,0.0,0.0,0.0,0.9125200642054576
shogun,CNN,7453.09152603,0.9907646048109966,0.009235395189003404,0.0,0.0,0.0,NA
aerogear-crypto-java,CNN,7453.09152603,0.8947368421052632,0.10526315789473684,0.8703241895261845,1.0,0.9306666666666666,0.8522181602608437
computoser,CNN,7453.09152603,0.9671861642664562,0.032813835733543795,0.5471869328493648,1.0,0.7073313782991203,0.9845306926519598
maven-graph-plugin,CNN,7453.09152603,0.7797619047619048,0.22023809523809523,0.7447795823665894,0.9968944099378882,0.8525896414342629,0.7490785611903624
jatl,CNN,7453.09152603,0.9015290519877676,0.09847094801223244,0.8310598111227702,1.0,0.9077363896848137,0.9139594341996478
asana-api-java,CNN,7453.09152603,0.9471153846153846,0.05288461538461542,0.5,1.0,0.6666666666666666,0.9623391273137466
oauth2-useragent,CNN,7453.09152603,0.8762071992976295,0.12379280070237053,0.8498402555910544,1.0,0.918825561312608,0.7981445549357264
imagine,CNN,7453.09152603,0.8759736369083283,0.1240263630916717,0.11274509803921569,0.46938775510204084,0.18181818181818182,0.866710758377425
arquillian-volkswagen,CNN,7453.09152603,1.0,0.0,1.0,1.0,1.0,NA
SimpleScaffolding,CNN,7453.09152603,1.0,0.0,1.0,1.0,1.0,1.0
Ardulink-2,CNN,7453.09152603,0.9427753934191703,0.05722460658082973,0.889196675900277,1.0,0.9413489736070381,0.9573464207420593
java-apns,CNN,7453.09152603,0.8499392466585662,0.15006075334143376,0.7852173913043479,1.0,0.8796882610813443,0.9270220843040023
messagesource,CNN,7453.09152603,0.8813735691987513,0.11862643080124868,0.7945945945945946,1.0,0.8855421686746988,0.9026055293912436
elasticsearch-analysis-bosonnlp,CNN,7453.09152603,1.0,0.0,0.0,0.0,0.0,NA
jackson-datatype-joda,CNN,7453.09152603,0.7840834964122635,0.2159165035877365,0.7289107289107289,1.0,0.8432022738038844,0.8178665664808569
cassandra-reaper,CNN,7453.09152603,0.7236391320898363,0.2763608679101637,0.5054495912806539,1.0,0.6714932126696833,0.8279604016672983
couchbase-capi-server,CNN,7453.09152603,0.7839135654261705,0.21608643457382948,0.6907216494845361,1.0,0.8170731707317073,0.7775565328808394
RedisBungee,CNN,7453.09152603,0.9785467128027682,0.02145328719723183,0.6149068322981367,1.0,0.7615384615384616,0.9984419617167737
hive-json,CNN,7453.09152603,0.951063829787234,0.04893617021276597,0.9012875536480687,1.0,0.9480812641083521,0.9648923992673992
gramtest,CNN,7453.09152603,0.8108303249097473,0.18916967509025273,0.638121546961326,1.0,0.7790893760539629,0.8539394877423047
sample.servlet,CNN,7453.09152603,1.0,0.0,0.0,0.0,0.0,NA
dropwizard-version-bundle,CNN,7453.09152603,0.9473684210526315,0.052631578947368474,0.75,1.0,0.8571428571428571,0.9699074074074074
ontmalizer,CNN,7453.09152603,0.5841499786962079,0.4158500213037921,0.49122807017543857,0.6757607555089192,0.568904593639576,0.6287763025769262
lib-jenkins-maven-embedder,CNN,7453.09152603,0.731203007518797,0.26879699248120303,0.5409309791332263,1.0,0.7020833333333333,0.7926767048028767
rsql-jpa,CNN,7453.09152603,0.9104046242774566,0.08959537572254339,0.9104046242774566,1.0,0.9531013615733737,0.5373399897593447
full-stack-web-BrianKolowitz,CNN,7453.09152603,0.9890829694323144,0.01091703056768556,0.9193548387096774,1.0,0.9579831932773109,0.9883186769917311
embedded-jetty-jsp,CNN,7453.09152603,0.6954022988505747,0.3045977011494253,0.6666666666666666,0.1724137931034483,0.273972602739726,0.8964030915576695
drools-spring-maven-samples,CNN,7453.09152603,0.6334841628959276,0.36651583710407243,0.4,1.0,0.5714285714285715,0.7843756930583278
order-rest-backend,CNN,7453.09152603,0.9846153846153847,0.01538461538461533,0.9844961240310077,1.0,0.9921875,0.4343832020997376
extdirectspring,CNN,7453.09152603,0.9217636333499089,0.07823636665009115,0.9402390438247012,0.9486876330101679,0.9444444444444444,0.9186681654860144
IClojure,CNN,7453.09152603,0.9883040935672515,0.011695906432748537,0.8738738738738738,1.0,0.9326923076923077,0.9938238050609185
fastexcel,CNN,7453.09152603,0.9929411764705882,0.007058823529411784,0.0,0.0,0.0,0.9782780410742495
nar-maven-plugin,CNN,7453.09152603,0.9553719008264463,0.044628099173553704,0.686096256684492,0.9451197053406998,0.7950426026336174,0.9744883228395834
NoCommons,CNN,7453.09152603,0.7809139784946236,0.21908602150537637,0.772027972027972,1.0,0.8713496448303079,0.6816594957729468
rocksaw,CNN,7453.09152603,1.0,0.0,0.0,0.0,0.0,NA
serfj,CNN,7453.09152603,0.7911471321695761,0.2088528678304239,0.7011596788581623,1.0,0.8243314105925538,0.8229615769860081
java-dogstatsd-client,CNN,7453.09152603,0.9984756097560976,0.0015243902439023849,0.9983108108108109,1.0,0.9991546914623838,0.9928803852661721
hamcrest-optional,CNN,7453.09152603,1.0,0.0,1.0,1.0,1.0,NA
javarosa,CNN,7453.09152603,0.7415445882520267,0.25845541174797326,0.4692232535417684,0.9512255508789305,0.6284452441318393,0.8524115722976966
etcd-viewer,CNN,7453.09152603,0.6918986549890522,0.30810134501094777,0.4364988558352403,1.0,0.607726005575468,0.8154397994337537
gcm4j,CNN,7453.09152603,0.9553752535496958,0.04462474645030423,0.9343283582089552,1.0,0.9660493827160493,0.9570997515086972
odata,CNN,7453.09152603,0.9971984086961394,0.0028015913038605955,0.8866213151927438,1.0,0.9399038461538461,0.9981282863043596
dynatrace-plugin,CNN,7453.09152603,0.9686820356676816,0.03131796433231837,0.7333333333333333,1.0,0.846153846153846,0.9961081543661268
assertj-assertions-generator-maven-plugin,CNN,7453.09152603,0.768565248738284,0.23143475126171598,0.5926395939086294,1.0,0.744223107569721,0.8292267945256493
aspectj-maven-plugin,CNN,7453.09152603,0.9319606087735004,0.0680393912264996,0.7994722955145118,1.0,0.8885630498533724,0.9504088922405756
jcabi-manifests,CNN,7453.09152603,0.7142857142857143,0.2857142857142857,0.6226415094339622,1.0,0.7674418604651162,0.7449267449267449
AisLib,CNN,7453.09152603,0.8455773660146447,0.15442263398535527,0.6840846754342781,1.0,0.8124112586653303,0.8933181930115349
idcenter,CNN,7453.09152603,0.9259259259259259,0.07407407407407407,0.6896551724137931,1.0,0.8163265306122449,0.9469827586206897
gwt-bootstrap,CNN,7453.09152603,0.9980821917808219,0.0019178082191780854,0.0,0.0,0.0,0.8311879926277401
aerogear-simplepush-java-client,CNN,7453.09152603,0.9154929577464789,0.08450704225352113,0.85,1.0,0.9189189189189189,0.870727344992051
maven-gitlog-plugin,CNN,7453.09152603,0.7395776935571197,0.26042230644288034,0.44216867469879517,0.9532467532467532,0.6041152263374485,0.8585987883525503
scrutineer,CNN,7453.09152603,0.8601747815230961,0.13982521847690388,0.8459302325581395,0.9897959183673469,0.9122257053291535,0.797766759285874
spring-social-dropbox,CNN,7453.09152603,0.8666666666666667,0.1333333333333333,0.8412698412698413,1.0,0.9137931034482758,0.7537789451114922
rythmengine,CNN,7453.09152603,0.8082482106872351,0.19175178931276493,0.6947410268059973,0.9883655166841723,0.8159413039853259,0.8474461742251466
spring-boot-camel-rest-sql,CNN,7453.09152603,0.2905982905982906,0.7094017094017093,0.24545454545454545,1.0,0.39416058394160586,0.9870370370370369
java-classmate,CNN,7453.09152603,0.9002217294900222,0.09977827050997778,0.8947895791583166,1.0,0.9444738233738762,0.6819822078118827
migrations-maven-plugin,CNN,7453.09152603,0.9695787831513261,0.030421216848673938,0.8361344537815126,1.0,0.9107551487414187,0.9812265389737236
sift-java,CNN,7453.09152603,0.914117934915586,0.08588206508441398,0.0,0.0,0.0,NA
Neo4jSNA,CNN,7453.09152603,0.8414985590778098,0.1585014409221902,0.6666666666666666,1.0,0.8,0.8957194572305333
spring-petclinic-rest,CNN,7453.09152603,0.9626436781609196,0.03735632183908044,0.9875212705615428,0.9688369504730105,0.9780898876404494,0.9368200532770348
spr-mvc-hib,CNN,7453.09152603,0.9037037037037037,0.09629629629629632,0.0,0.0,0.0,NA
Paguro,CNN,7453.09152603,0.8507586972612879,0.14924130273871206,0.9028796671411365,0.9190815871600535,0.9109085887876277,0.7390524211368801
setupmyproject,CNN,7453.09152603,0.9690113133300541,0.03098868666994592,0.8291139240506329,1.0,0.9065743944636678,0.9819804482170688
Java-Websockify,CNN,7453.09152603,0.9374337221633086,0.06256627783669144,0.5042016806722689,1.0,0.6703910614525139,0.972281993204983
jasmine-maven-plugin,CNN,7453.09152603,0.7175644028103044,0.2824355971896956,0.6089743589743589,0.7063197026022305,0.6540447504302926,0.614615058748003
MCProtocolLib,CNN,7453.09152603,0.9701003697834125,0.02989963021658748,0.8292533659730722,0.9970566593083149,0.9054460407617775,0.9840894026118608
springboot-jwt,CNN,7453.09152603,0.7707006369426752,0.2292993630573248,0.07894736842105263,0.75,0.14285714285714285,0.8790849673202615
agoncal-book-javaee7,CNN,7453.09152603,0.9270175438596491,0.07298245614035093,0.7687074829931972,0.9941348973607038,0.867007672634271,0.949980589431994
InMemoryJavaCompiler,CNN,7453.09152603,0.7754010695187166,0.22459893048128343,0.7514792899408284,1.0,0.858108108108108,0.7375328083989502
School-Registration-Web-App,CNN,7453.09152603,0.8636779505946935,0.13632204940530646,0.5415384615384615,1.0,0.7025948103792415,0.9091590661247151
Cerberus,CNN,7453.09152603,1.0,0.0,1.0,1.0,1.0,1.0
joda-time,CNN,7453.09152603,0.8145910260713886,0.18540897392861144,0.8208695090856276,0.9593376334351779,0.8847184053988243,0.6956918069150719
as2-server,CNN,7453.09152603,0.9946300715990454,0.005369928400954627,0.8043478260869565,1.0,0.891566265060241,0.9951107300100589
disruptor,CNN,7453.09152603,0.7579285427539141,0.24207145724608592,0.6904138292299633,0.9909774436090225,0.813831429453535,0.751656272464106
jackson-module-jaxb-annotations,CNN,7453.09152603,0.8371394230769231,0.16286057692307687,0.8004451038575667,0.9981498612395929,0.8884314532729518,0.8150194454978635
linq4j,CNN,7453.09152603,0.9026238591916558,0.09737614080834422,0.8079459546405019,0.9998009554140127,0.8936927319633484,0.9055810119154328
ia-mame,CNN,7453.09152603,0.941468253968254,0.058531746031746046,0.8457516339869281,1.0,0.9164305949008498,0.9567080970439507
docker-java-spring-boot-app,CNN,7453.09152603,1.0,0.0,1.0,1.0,1.0,1.0
elasticsearch-http-user-auth,CNN,7453.09152603,0.8761625061184533,0.12383749388154675,0.0,0.0,0.0,NA
metrics-zabbix,CNN,7453.09152603,0.9052287581699346,0.09477124183006536,0.7128712871287128,1.0,0.8323699421965318,0.9634081196581196
checksum-maven-plugin,CNN,7453.09152603,0.9704570791527313,0.029542920847268728,0.7665198237885462,1.0,0.8678304239401496,0.9888409961685825
license-maven-plugin,CNN,7453.09152603,0.9664187775970253,0.033581222402974675,0.731638418079096,0.9948783610755442,0.8431904503526859,0.9874614752120039
animated-gif-lib-for-java,CNN,7453.09152603,0.7782805429864253,0.22171945701357465,0.8130311614730878,0.8664150943396226,0.8388746803069054,0.799049215730848
appengine-angular-guestbook-java,CNN,7453.09152603,0.01652892561983471,0.9834710743801653,0.0,0.0,0.0,NA
iliasDownloaderTool,CNN,7453.09152603,1.0,0.0,1.0,1.0,1.0,1.0
jsemver,CNN,7453.09152603,0.9310144927536231,0.06898550724637686,0.9250629722921915,1.0,0.9610729473339876,0.7539807054118448
vraptor,CNN,7453.09152603,0.8870179250407387,0.11298207495926127,0.8719701678060907,0.998576512455516,0.9309887193098872,0.8023399664805686
geopackage-core-java,CNN,6314.62094092,0.9911947353786263,0.008805264621373654,0.6153846153846154,1.0,0.761904761904762,0.996289639441275
ixa-pipe-tok,CNN,6314.62094092,0.8444666001994018,0.15553339980059822,0.5760869565217391,1.0,0.7310344827586206,0.8936502635784653
gnip4j,CNN,6314.62094092,0.6585119798234552,0.3414880201765448,0.4599122457120064,1.0,0.6300546448087432,0.7914891143025986
CFLint,CNN,6314.62094092,0.813113572908223,0.18688642709177705,0.7473439980461595,0.9990205680705191,0.8550471533356617,0.8065169974504331
graphql-spqr,CNN,6314.62094092,0.7911025145067698,0.20889748549323017,0.7384422504309669,0.9876336197862083,0.8450502152080344,0.8055025270200071
mp3agic,CNN,6314.62094092,0.8654388831130254,0.13456111688697459,0.8385889898450026,1.0,0.9122093023255814,0.8184123706453873
cloudsync,CNN,6314.62094092,0.9402364972834771,0.059763502716522865,0.86,0.9955476402493322,0.9228229467602146,0.9585737444833797
java-LSH,CNN,6314.62094092,0.8408644400785854,0.1591355599214146,0.4623287671232877,0.9642857142857143,0.625,0.9086316303286691
datanucleus-hbase,CNN,6314.62094092,0.9852961198093941,0.014703880190605867,0.685131195335277,1.0,0.8131487889273357,0.9928392734237065
ethereum-paper-wallet,CNN,6314.62094092,0.6047381546134664,0.39526184538653364,0.4828711256117455,1.0,0.6512651265126512,0.7934482160025639
emoji-java,CNN,6314.62094092,0.8718905472636815,0.12810945273631846,0.8670967741935484,1.0,0.9288182446440911,0.655066287878788
expect4j,CNN,6314.62094092,0.8767455980570734,0.12325440194292658,0.6553480475382003,1.0,0.7917948717948717,0.9347390630842369
apache-monitoring-extension,CNN,6314.62094092,0.996996996996997,0.0030030030030030463,0.7777777777777778,1.0,0.8750000000000001,0.998699327986126
java-grok,CNN,6314.62094092,0.8669902912621359,0.1330097087378641,0.7775974025974026,1.0,0.8748858447488584,0.8490218960402229
bccontrib,CNN,6314.62094092,0.9628275441803779,0.03717245581962214,0.0,0.0,0.0,NA
pentaho-application-launcher,CNN,6314.62094092,0.8280701754385965,0.1719298245614035,0.807843137254902,1.0,0.8937093275488069,0.8087900946294704
vraptor4,CNN,6314.62094092,0.8971635636636262,0.10283643633637385,0.8827328835940864,0.9990253411306043,0.9372856816276766,0.7966400917772984
refuel,CNN,6314.62094092,0.8880597014925373,0.11194029850746268,0.8434237995824635,1.0,0.9150622876557192,0.8907308494007296
netty-spring-example,CNN,6314.62094092,0.9225352112676056,0.07746478873239437,1.0,0.21428571428571427,0.35294117647058826,0.953125
gdl-tools,CNN,6314.62094092,0.6313603322949117,0.36863966770508827,0.0,0.0,0.0,NA
aws-codepipeline-custom-job-worker,CNN,6314.62094092,0.7610921501706485,0.23890784982935154,0.7416974169741697,1.0,0.8516949152542372,0.6536813216526065
chaos-lemur,CNN,6314.62094092,0.8131313131313131,0.18686868686868685,0.7748478701825557,1.0,0.8731428571428572,0.7821791958905463
example-spring-boot-rest,CNN,6314.62094092,0.6976744186046512,0.3023255813953488,0.6060606060606061,1.0,0.7547169811320755,0.8891304347826088
spring-boot-security-saml-sample,CNN,6314.62094092,0.20728291316526612,0.7927170868347339,0.17771084337349397,0.855072463768116,0.29426433915211964,0.5155243558776168
herald,CNN,6314.62094092,0.9512195121951219,0.04878048780487809,0.9512195121951219,1.0,0.975,0.7394871794871793
BlossomsPokemonGoManager,CNN,6314.62094092,0.9584197049140348,0.04158029508596517,0.318,1.0,0.4825493171471927,0.9899642443210879
mvc-content-neg-views,CNN,6314.62094092,0.9154471544715447,0.08455284552845532,0.5806451612903226,1.0,0.7346938775510204,0.9499820953550236
CommandHelper,CNN,6314.62094092,0.794744666252818,0.20525533374718197,0.4671083972110346,0.9765062695215246,0.6319335608512883,0.9345251204901616
NBT-Lib,CNN,6314.62094092,0.2754237288135593,0.7245762711864407,0.0,0.0,0.0,NA
graylog-plugin-pagerduty,CNN,6314.62094092,0.9446640316205533,0.055335968379446654,0.7358490566037735,1.0,0.8478260869565216,0.9799305056314401
ldap-in-memory,CNN,6314.62094092,0.7630979498861048,0.2369020501138952,0.7142857142857143,1.0,0.8333333333333333,0.7515792866351525
geohash-java,CNN,6314.62094092,0.8172619047619047,0.18273809523809526,0.8055731475617479,1.0,0.8923184847421957,0.7064228403625601
assertj-assertions-generator,CNN,6314.62094092,0.9263565891472868,0.0736434108527132,0.9208003334722801,1.0,0.958767361111111,0.7404656764351665
CANBabel,CNN,6314.62094092,0.9888211382113821,0.011178861788617933,0.8607594936708861,1.0,0.9251700680272108,0.9911118513999486
Parabot,CNN,6314.62094092,0.9971322053340981,0.0028677946659019238,0.2682926829268293,1.0,0.4230769230769231,0.9987211831230969
nub,CNN,6314.62094092,0.8908315565031983,0.10916844349680166,0.49206349206349204,1.0,0.6595744680851063,0.93700582244989
MCModify,CNN,6314.62094092,0.6696839764967445,0.3303160235032555,0.0,0.0,0.0,NA
ha-bridge,CNN,6314.62094092,0.9899224806201551,0.010077519379844913,0.0,0.0,0.0,NA
java-WebServer,CNN,6314.62094092,0.6431718061674009,0.3568281938325991,0.4,1.0,0.5714285714285715,0.6841682723185614
nlp-lang,CNN,6314.62094092,0.8514631685166498,0.14853683148335017,0.4649629018961253,0.8663594470046083,0.6051502145922747,0.9238892553063917
spring-rest-example,CNN,6314.62094092,0.8860759493670886,0.11392405063291144,0.8125,1.0,0.896551724137931,0.9064102564102564
liquibase-hibernate,CNN,6314.62094092,0.7181482998770995,0.2818517001229005,0.5794621026894865,1.0,0.7337461300309597,0.8057096972934171
dropwizard-simpleauth,CNN,6314.62094092,0.8310502283105022,0.16894977168949776,0.7643312101910829,1.0,0.8664259927797834,0.8021043771043771
netconf4j,CNN,6314.62094092,0.8120754716981132,0.18792452830188677,0.5866108786610879,0.9943262411347518,0.7378947368421053,0.8771299385585882
flaky-test-handler-plugin,CNN,6314.62094092,0.9133034379671151,0.0866965620328849,0.8095238095238095,1.0,0.8947368421052632,0.9319280578993482
log4j2-elasticsearch-http,CNN,6314.62094092,0.3945435466946485,0.6054564533053515,0.0,0.0,0.0,NA
mimecraft,CNN,6314.62094092,0.9123376623376623,0.08766233766233766,0.8984962406015038,1.0,0.9465346534653466,0.8759929658601662
data-algorithms-book,CNN,6314.62094092,0.999534450651769,0.0004655493482309536,0.35294117647058826,1.0,0.5217391304347826,0.9998976942398329
ET,CNN,6314.62094092,0.8202247191011236,0.1797752808988764,0.8064516129032258,1.0,0.8928571428571428,0.750223880597015
arquillian-addon,CNN,6314.62094092,0.9881906368620835,0.011809363137916473,0.8682352941176471,1.0,0.9294710327455921,0.9935069039691082
gwt-maven-plugin,CNN,6314.62094092,0.9820466786355476,0.01795332136445238,0.6698412698412698,0.9723502304147466,0.7932330827067668,0.9938505384141539
jax-rs-pac4j,CNN,6314.62094092,0.39276485788113696,0.6072351421188631,0.0,0.0,0.0,NA
jackson-antpathfilter,CNN,6314.62094092,0.8679727427597955,0.13202725724020448,0.6764091858037579,1.0,0.8069738480697386,0.9612345679012346
graylog-plugin-slack,CNN,6314.62094092,0.9377104377104377,0.062289562289562284,0.7218045112781954,1.0,0.8384279475982532,0.9564194277108433
netbeans-mantis-integration,CNN,6314.62094092,0.998912323843753,0.0010876761562470527,0.5818181818181818,1.0,0.735632183908046,0.9992222281424648
apk-parser,CNN,6314.62094092,1.0,0.0,1.0,1.0,1.0,1.0
lanterna,CNN,6314.62094092,0.9752183053040103,0.024781694695989676,0.6497142857142857,1.0,0.7876688604087287,0.9862258820725041
dune2themaker4j,CNN,6314.62094092,0.7883327130628954,0.21166728693710457,0.732037691401649,1.0,0.8452907174430466,0.8618377362823695
dropwizard-todo,CNN,6314.62094092,0.7653061224489796,0.23469387755102045,0.5714285714285714,1.0,0.7272727272727273,0.8899321997417132
spring-data-fundamentals,CNN,6314.62094092,1.0,0.0,1.0,1.0,1.0,1.0
dropwizard-flyway,CNN,6314.62094092,0.849802371541502,0.15019762845849804,0.36666666666666664,1.0,0.5365853658536585,0.9498229043683589
NetStorageKit-Java,CNN,6314.62094092,0.8389585342333655,0.16104146576663447,0.7880710659898477,1.0,0.8814762242725336,0.7828274030719683
launchpad-missioncontrol,CNN,6314.62094092,0.791907514450867,0.20809248554913296,0.625,1.0,0.7692307692307693,0.8882005899705016
mp3agic-examples,CNN,6314.62094092,0.9244655581947744,0.07553444180522562,0.8022388059701493,1.0,0.8902691511387164,0.9268604651162791
opennlp,CNN,6314.62094092,0.8123490373566588,0.18765096264334125,0.7066872825666796,0.9778562259306803,0.8204460799712786,0.8795386821282107
chinese-utils,CNN,6314.62094092,0.5779944289693594,0.4220055710306406,0.3641456582633053,0.6310679611650486,0.4618117229129663,0.7267900485436893
Bastion,CNN,6314.62094092,0.905860349127182,0.09413965087281795,0.8913690476190477,0.9958437240232751,0.9407145661562623,0.8364324019543826
mobile-detect,CNN,6314.62094092,0.38966725043782835,0.6103327495621717,0.303,1.0,0.46508058326937834,0.7194758808419578
new-relic-service-broker,CNN,6314.62094092,0.5602409638554217,0.43975903614457834,0.49640287769784175,0.9583333333333334,0.6540284360189573,0.8636783392434989
graphbuilder,CNN,6314.62094092,0.7991755005889282,0.20082449941107183,0.0,0.0,0.0,NA
iciql,CNN,6314.62094092,0.8743857493857494,0.12561425061425058,0.7933670164529084,0.9933495539334956,0.8821665226159607,0.90741318555773
assertj-core,CNN,6314.62094092,0.9109351432880844,0.08906485671191555,0.9035385559419105,0.999818930786293,0.9492435963555097,0.759620372592323
facebook-recommender-demo,CNN,6314.62094092,0.6858407079646017,0.3141592920353983,0.8636363636363636,0.12025316455696203,0.2111111111111111,0.8101158184792905
android-rss,CNN,6314.62094092,0.8758278145695364,0.1241721854304636,0.7670807453416149,1.0,0.8681898066783831,0.9097630955216094
EasyFlow,CNN,6314.62094092,0.715765247410817,0.28423475258918296,0.6304675716440422,0.9952380952380953,0.7719298245614035,0.78246367589352
netty-ftp-receiver,CNN,6314.62094092,0.9984152139461173,0.0015847860538826808,0.9983164983164983,1.0,0.9991575400168492,0.9756811928641165
protoparser,CNN,6314.62094092,0.8722802436901653,0.12771975630983468,0.8523270440251572,1.0,0.9202770609805786,0.7382227006888356
hydra,CNN,6314.62094092,1.0,0.0,0.0,0.0,0.0,NA
openshift-restclient-java,CNN,6314.62094092,0.8859160533121145,0.11408394668788546,0.7957621082621082,1.0,0.8862667327714427,0.892917107466476
ace-cache,CNN,6314.62094092,0.8936895963615691,0.10631040363843092,0.0,0.0,0.0,NA
i13kv,CNN,6314.62094092,0.8141935483870968,0.1858064516129032,0.0,0.0,0.0,NA
Bukkit-JavaDoc,CNN,6314.62094092,0.9560407674730695,0.04395923252693046,0.7328042328042328,1.0,0.8458015267175573,0.9775128370738434
fitbit-api-example-java,CNN,6314.62094092,0.7804878048780488,0.2195121951219512,0.0,0.0,0.0,0.8787878787878788
musicbrainz-elasticsearch,CNN,6314.62094092,0.7615062761506276,0.2384937238493724,0.7061855670103093,1.0,0.8277945619335347,0.7680692715042221
aether-ant,CNN,6314.62094092,0.9635036496350365,0.03649635036496346,0.9406184118060436,0.9996265870052278,0.9692251991310644,0.9736504326310151
code-hidding-plugin,CNN,6314.62094092,0.9768019884009942,0.023198011599005808,0.631578947368421,1.0,0.7741935483870968,0.991147181478286
Liqp,CNN,6314.62094092,0.5876781567323892,0.4123218432676108,0.5092368784530387,0.6364224835473082,0.5657699132019375,0.6570762844282647
scalatest-maven-plugin,CNN,6314.62094092,0.9533898305084746,0.04661016949152541,0.9181141439205955,1.0,0.9573091849935317,0.9370742043818967
mybatis-generator-core-fix,CNN,6314.62094092,0.9570395738203957,0.04296042617960427,0.2767456758488149,1.0,0.43351731058705467,0.9967384556581497
angularjs-springmvc-sample,CNN,6314.62094092,0.9189985272459499,0.08100147275405012,0.8606060606060606,0.9692832764505119,0.9117174959871589,0.9236414437036906
elsa,CNN,6314.62094092,0.8913847028717657,0.10861529712823426,0.866199649737303,1.0,0.9283033033033034,0.8899894725100046
LastCalc,CNN,6314.62094092,0.8200452147701582,0.17995478522984176,0.6868421052631579,0.9984697781178271,0.813844714686623,0.8879439275098769
maven-t7-plugin,CNN,6314.62094092,0.8727611940298508,0.12723880597014925,0.6143867924528302,0.9738317757009346,0.7534345625451916,0.9037139184802737
spring-data-keyvalue,CNN,6314.62094092,0.8192285549798504,0.18077144502014963,0.8013915243516762,1.0,0.889747191011236,0.7552603738098036
fat32-lib,CNN,6314.62094092,0.7764904149989467,0.22350958500105333,0.7453147525228255,0.999677731227844,0.8539573296627666,0.6802540983413744
mustangproject,CNN,6314.62094092,0.8370920668612364,0.16290793313876362,0.708036138849263,1.0,0.8290645879732739,0.8728333804625735
macker,CNN,6314.62094092,0.9660622192646814,0.03393778073531861,0.4961636828644501,0.9651741293532339,0.6554054054054054,0.9789880203115232
atlassian-saml,CNN,6314.62094092,0.967741935483871,0.032258064516129004,0.8349514563106796,1.0,0.91005291005291,0.9825449559668828
dropwizard-websockets,CNN,6314.62094092,0.934984520123839,0.06501547987616096,0.9227941176470589,1.0,0.9598470363288719,0.8249778663125277
bitlet,CNN,6314.62094092,0.9880859880859881,0.011914011914011868,0.8635014836795252,1.0,0.9267515923566879,0.994121016104036
fileserver,CNN,6314.62094092,0.48748639825897716,0.5125136017410228,0.0,0.0,0.0,NA
fnv-java,CNN,6314.62094092,0.0,1.0,0.0,0.0,0.0,NA
spring-security-fundamentals,CNN,6314.62094092,0.9134615384615384,0.08653846153846156,0.64,1.0,0.7804878048780487,0.9932528409090909
hibernate-hydrate,CNN,6314.62094092,0.8181818181818182,0.18181818181818177,0.7837837837837838,1.0,0.8787878787878788,0.8386494252873563
akka-actor-java8-webinar,CNN,6314.62094092,1.0,0.0,0.0,0.0,0.0,NA
scrypt,CNN,6314.62094092,0.9184168012924071,0.0815831987075929,0.9170090386195563,1.0,0.9567081011573082,0.8288971149891298
elasticsearch-transport-websocket,CNN,6314.62094092,0.9193209660483024,0.08067903395169762,0.9728506787330317,0.6630686198920586,0.7886290692342961,0.9951762561729242
mjprof,CNN,6314.62094092,0.8415492957746479,0.15845070422535212,0.6566332218506131,0.988255033557047,0.7890154052243803,0.8858323630236057
example-spring-boot-mvc,CNN,6314.62094092,0.776595744680851,0.22340425531914898,0.7469879518072289,1.0,0.8551724137931034,0.8606350806451613
license-check,CNN,6314.62094092,0.9755102040816327,0.024489795918367308,0.6,0.23076923076923078,0.33333333333333337,0.9963715529753265
dependency-check-sonar-plugin,CNN,6314.62094092,0.7093333333333334,0.29066666666666663,0.6829652996845426,0.9622222222222222,0.7988929889298892,0.8193296296296296
openkeepass,CNN,6314.62094092,0.9159626500666963,0.0840373499333037,0.9077598828696926,1.0,0.9516500383729855,0.8008435953782791
chess-skeleton,CNN,6314.62094092,0.5419161676646707,0.45808383233532934,0.5032467532467533,1.0,0.6695464362850972,0.556947197693278
flip-tables,CNN,6314.62094092,0.9262536873156342,0.07374631268436582,0.9258160237388724,1.0,0.9614791987673343,0.8047839506172839
cassandra-log4j-appender,CNN,6314.62094092,1.0,0.0,0.0,0.0,0.0,NA
gumtree-spoon-ast-diff,CNN,6314.62094092,0.8933161953727506,0.10668380462724936,0.8839160839160839,1.0,0.9383815887156643,0.6560820183804404
CoCoViLa,CNN,6314.62094092,0.9635182928641484,0.03648170713585164,0.57875772134523,1.0,0.7331811759591349,0.9773443012707842
KittehIRCClientLib,CNN,6314.62094092,0.9284173367326927,0.07158266326730733,0.7904191616766467,0.9887640449438202,0.8785357737104825,0.9555686983327165
devoxx-legacy-code-labs,CNN,6314.62094092,1.0,0.0,0.0,0.0,0.0,NA
licensing-maven-plugin,CNN,6314.62094092,0.9262782401902497,0.07372175980975026,0.7367021276595744,0.9172185430463576,0.8171091445427728,0.9604928496016891
byteunits,CNN,6314.62094092,0.8483870967741935,0.15161290322580645,0.8206106870229007,1.0,0.9014675052410902,0.6847735618115055
avans,CNN,6314.62094092,0.9245049504950495,0.07549504950495045,0.9008130081300812,1.0,0.9478186484174508,0.9084316993092469
depli,CNN,6314.62094092,0.8952922077922078,0.10470779220779225,0.7282229965156795,0.8038461538461539,0.7641681901279708,0.9529756251978474
github-bucket,CNN,6314.62094092,0.9766120218579235,0.023387978142076493,0.5309734513274337,0.09642426677380474,0.16320979258755525,0.9910839550430552
monitoring-plugin,CNN,6314.62094092,1.0,0.0,0.0,0.0,0.0,NA
cors-filter,CNN,6314.62094092,0.8390804597701149,0.16091954022988508,0.8390804597701149,1.0,0.9125,0.5476598173515982
javaee7-springmvc,CNN,6314.62094092,0.9809523809523809,0.01904761904761909,0.6666666666666666,1.0,0.8,0.9919554455445545
grapht,CNN,6314.62094092,0.8221857270827112,0.1778142729172888,0.7682428488032691,1.0,0.8689336414658303,0.7937439439992632
hello-samza-confluent,CNN,6314.62094092,0.7033542976939203,0.2966457023060797,0.28535353535353536,1.0,0.4440078585461689,0.9782443993139226
RestFixture,CNN,6314.62094092,0.8432919954904171,0.1567080045095829,0.8064740689175078,1.0,0.8928709055876686,0.7751120440273513
ci-example-1,CNN,6314.62094092,1.0,0.0,1.0,1.0,1.0,1.0
evo-inflector,CNN,7070.9027431,0.8553719008264463,0.14462809917355368,0.8028169014084507,1.0,0.890625,0.8471832848452789
low-gc-membuffers,CNN,7070.9027431,0.8560126582278481,0.1439873417721519,0.7966735966735967,0.9711099847947289,0.875285518501599,0.8601234867522994
mustache-spring-view,CNN,7070.9027431,0.7291666666666666,0.27083333333333337,0.7277486910994765,1.0,0.8424242424242425,0.5982760961042487
nodebox,CNN,7070.9027431,0.9458705065998853,0.05412949340011475,0.825248441974061,1.0,0.9042587551331149,0.9668334451152233
InflatableDonkey,CNN,7070.9027431,0.9941596811873025,0.005840318812697531,0.7696476964769647,1.0,0.8698315467075038,0.9971365417452155
serviceloader-maven-plugin,CNN,7070.9027431,0.8835978835978836,0.1164021164021164,0.8307692307692308,1.0,0.907563025210084,0.8746284865112025
slack-java-webhook,CNN,7070.9027431,0.9682539682539683,0.031746031746031744,0.9447513812154696,1.0,0.9715909090909092,0.9754304743339831
apollo,CNN,7070.9027431,0.9090401785714286,0.0909598214285714,0.8395669291338582,1.0,0.9127875869448903,0.9401042739588522
LiquidDonkey,CNN,7070.9027431,0.9747216196673897,0.025278380332610317,0.5869565217391305,1.0,0.7397260273972603,0.9932970827292814
metrics-graphite-pickle,CNN,7070.9027431,0.8697674418604651,0.13023255813953494,0.8444444444444444,1.0,0.9156626506024096,0.6855680868838764
spring-boot-starter-drools,CNN,7070.9027431,0.0,1.0,0.0,0.0,0.0,NA
sparsebitmap,CNN,7070.9027431,0.835023664638269,0.16497633536173095,0.6887755102040817,1.0,0.8157099697885196,0.8635388316964462
shacl,CNN,7070.9027431,0.8542858335768861,0.14571416642311386,0.0,0.0,0.0,NA
pagerduty-incidents,CNN,7070.9027431,0.91005291005291,0.08994708994709,0.9028571428571428,1.0,0.9489489489489489,0.6446508779093507
ArrayHopper,CNN,7070.9027431,0.9024390243902439,0.09756097560975607,0.8811881188118812,1.0,0.9368421052631579,0.8364177131526768
embedded-jmxtrans,CNN,7070.9027431,0.8318950638591647,0.16810493614083533,0.5737337516808606,0.9823484267075978,0.7243916242218449,0.8884686743658716
gdx-artemis,CNN,7070.9027431,0.8405453467694132,0.15945465323058683,0.7885220125786163,1.0,0.8817582417582417,0.8171698355226718
docker-build-publish-plugin,CNN,7070.9027431,0.9938176197836167,0.0061823802163832875,0.9652173913043478,1.0,0.9823008849557522,0.9940416162431087
java-mpns,CNN,7070.9027431,0.9134020618556701,0.08659793814432992,0.5144508670520231,1.0,0.6793893129770993,0.9717251846089097
shootout-docker-maven,CNN,7070.9027431,1.0,0.0,0.0,0.0,0.0,NA
hive-funnel-udf,CNN,7070.9027431,0.8083209509658247,0.19167904903417532,0.7978056426332288,1.0,0.8875326939843069,0.7203986774641814
piwik-java-tracker,CNN,7070.9027431,0.9566694987255735,0.0433305012744265,0.9565217391304348,1.0,0.9777777777777777,0.7581915410792417
jax-rs-moshi,CNN,7070.9027431,0.06666666666666667,0.9333333333333333,0.0,0.0,0.0,NA
compiler,CNN,7070.9027431,0.8536585365853658,0.14634146341463417,0.8441558441558441,1.0,0.9154929577464789,0.6402714932126697
sql-gremlin,CNN,7070.9027431,0.8855021492770614,0.11449785072293861,0.8612689393939394,1.0,0.9254642584584075,0.7841370369820068
spotify-web-api-java,CNN,7070.9027431,0.8895550646891764,0.11044493531082356,0.7747718383311604,0.9962279966471081,0.8716538320498717,0.9344315355090931
jcodemodel,CNN,7070.9027431,0.8694483839665597,0.13055161603344034,0.6464523953911462,1.0,0.785267034990792,0.9156632144771824
log4j2-gelf,CNN,7070.9027431,0.28703703703703703,0.712962962962963,0.21694915254237288,1.0,0.3565459610027855,0.9106670673076923
cloudwatch_exporter,CNN,7070.9027431,0.7898172323759791,0.21018276762402088,0.7673410404624278,1.0,0.8683565004088308,0.641367151500581
spring-boot-webmvc,CNN,7070.9027431,0.42105263157894735,0.5789473684210527,0.0,0.0,0.0,NA
redis-scheduler,CNN,7070.9027431,0.8954248366013072,0.10457516339869277,0.8940397350993378,1.0,0.9440559440559442,0.9176954732510287
modrun,CNN,7070.9027431,0.8897849462365591,0.11021505376344087,0.8498168498168498,1.0,0.9188118811881187,0.9153286637931035
interface-test,CNN,7070.9027431,0.8985395849346657,0.10146041506533432,0.5234657039711191,1.0,0.6872037914691944,0.9631569920057272
aws-signing-request-interceptor,CNN,7070.9027431,0.8847926267281107,0.11520737327188935,0.9211267605633803,0.9369627507163324,0.9289772727272727,0.8518287544244059
graylog-plugin-hipchat,CNN,7070.9027431,0.9228295819935691,0.07717041800643087,0.7857142857142857,1.0,0.88,0.9611699959233592
ExtendedCLI,CNN,7070.9027431,0.22366522366522368,0.7763347763347763,0.2145985401459854,1.0,0.35336538461538464,0.9532219481199073
memory-map-plugin,CNN,7070.9027431,0.6644144144144144,0.3355855855855856,0.0,0.0,0.0,NA
atan,CNN,7070.9027431,0.85161387291925,0.14838612708075005,0.4195634599838319,1.0,0.591116173120729,0.9216000735608989
adwords-alerting,CNN,7070.9027431,0.9009049773755656,0.09909502262443437,0.7394366197183099,0.7446808510638298,0.7420494699646644,0.9638272736773732
activiti-neo4j,CNN,7070.9027431,0.3140376266280753,0.6859623733719247,0.0,0.0,0.0,NA
phenopacket-reference-implementation,CNN,7070.9027431,0.8214731585518102,0.17852684144818975,0.7116935483870968,1.0,0.8315665488810365,0.8321648307871308
fastText_java,CNN,7070.9027431,0.9842609489051095,0.015739051094890488,0.5,1.0,0.6666666666666666,0.9878331402085747
geckoboard-java-api,CNN,7070.9027431,0.8722222222222222,0.12777777777777777,0.8221649484536082,1.0,0.9024045261669024,0.8631044411977474
java-etherpad-lite,CNN,7070.9027431,0.962178517397882,0.03782148260211804,0.8,1.0,0.888888888888889,0.9907130124777184
cassandra-stress,CNN,7070.9027431,1.0,0.0,0.0,0.0,0.0,NA
freedomotic,CNN,7070.9027431,0.972176759410802,0.02782324058919805,0.6633663366336634,1.0,0.7976190476190476,0.9836983911610777
sonar-cobertura,CNN,7070.9027431,0.8465608465608465,0.1534391534391535,0.8415300546448088,1.0,0.913946587537092,0.48923933209647497
gitlab-jira-integration,CNN,7070.9027431,0.927536231884058,0.07246376811594202,0.7536945812807881,1.0,0.8595505617977527,0.9347546281082265
MockRestServiceServerExample,CNN,7070.9027431,0.8571428571428571,0.1428571428571429,0.8095238095238095,1.0,0.8947368421052632,0.7754010695187166
murmur,CNN,7070.9027431,0.9956958393113343,0.004304160688665681,0.9956896551724138,1.0,0.9978401727861772,0.4951298701298701
oshi,CNN,7070.9027431,0.8521387895642961,0.14786121043570388,0.4794552711904203,0.9922254616132167,0.6465094190280196,0.9496124390528105
neo4j-script-procedures,CNN,7070.9027431,0.9797297297297297,0.020270270270270285,0.97,1.0,0.9847715736040609,0.9955528603193855
highway-to-urhell,CNN,7070.9027431,1.0,0.0,1.0,1.0,1.0,1.0
a-walking-tour-of-spring,CNN,7070.9027431,0.8444444444444444,0.15555555555555556,0.6056338028169014,1.0,0.7543859649122806,0.8462909523001189
sonar-break-maven-plugin,CNN,7070.9027431,0.9433497536945813,0.056650246305418706,0.8535031847133758,1.0,0.9209621993127148,0.9684893546971027
MenuApp,CNN,7070.9027431,0.9824561403508771,0.01754385964912286,0.8666666666666667,1.0,0.9285714285714286,0.9942878903274943
spring-3.1-profiles-xml,CNN,7070.9027431,0.7982456140350878,0.20175438596491224,0.7032258064516129,1.0,0.8257575757575758,0.8988127361036158
screenplay-pattern-todomvc,CNN,7070.9027431,0.8988505747126436,0.10114942528735638,0.0,0.0,0.0,NA
graph_processing,CNN,7070.9027431,0.9277833500501504,0.07221664994984955,0.9232409381663113,1.0,0.9600886917960089,0.7573471078751124
moulder-j,CNN,7070.9027431,0.9605055292259084,0.03949447077409163,0.9382716049382716,1.0,0.9681528662420382,0.9509517370501352
buildmetadata-maven-plugin,CNN,7070.9027431,0.8163085075066235,0.18369149249337646,0.1072961373390558,1.0,0.1937984496124031,0.9947441300421432
maven-sample-app,CNN,7070.9027431,1.0,0.0,0.0,0.0,0.0,NA
shiro-jdbi-realm,CNN,7070.9027431,0.7712665406427222,0.22873345935727785,0.6610644257703081,1.0,0.7959527824620574,0.7632686411754498
folsom,CNN,7070.9027431,0.8545113955666562,0.14548860443334377,0.8362038664323375,1.0,0.9107963246554365,0.714030942265862
sonar-android-lint-plugin,CNN,7070.9027431,0.8354430379746836,0.16455696202531644,0.5765472312703583,1.0,0.731404958677686,0.9204753873236191
example-java-maven,CNN,7070.9027431,0.8,0.19999999999999996,0.75,1.0,0.8571428571428571,0.75
simplemagic,CNN,7070.9027431,0.7882513661202186,0.21174863387978138,0.7708456534594914,1.0,0.8705960928368676,0.6347438829857958
liquibase-percona,CNN,7070.9027431,0.8942115768463074,0.10578842315369263,0.8787185354691075,1.0,0.9354445797807552,0.8349383705286483
ixa-pipe-nerc,CNN,7070.9027431,1.0,0.0,0.0,0.0,0.0,NA
simplelatlng,CNN,7070.9027431,0.88909426987061,0.11090573012938998,0.8845043310875842,1.0,0.9387129724208376,0.7003044119708672
amazon-sqs-java-extended-client-lib,CNN,7070.9027431,0.8480392156862745,0.1519607843137255,0.6294820717131474,1.0,0.7726161369193154,0.8981974572018068
gifencoder,CNN,7070.9027431,0.9070373588184187,0.09296264118158126,0.7146666666666667,1.0,0.833592534992224,0.9489444059431044
fingerprint-maven-plugin,CNN,7070.9027431,0.8852459016393442,0.11475409836065575,0.735973597359736,0.9823788546255506,0.8415094339622641,0.9360840929907968
springboot-jwt-starter,CNN,7070.9027431,0.9055555555555556,0.09444444444444444,0.9661016949152542,0.8592964824120602,0.9095744680851063,0.9740940728487156
jcabi-ssl-maven-plugin,CNN,7070.9027431,0.9442231075697212,0.055776892430278835,0.7992831541218638,1.0,0.8884462151394423,0.9592881381234821
geojson-jackson,CNN,7070.9027431,0.9211764705882353,0.07882352941176474,0.8693957115009746,1.0,0.9301355578727841,0.9248074190827154
bag-database,CNN,7070.9027431,0.92152466367713,0.07847533632286996,0.46860986547085204,0.9631336405529954,0.6304675716440422,0.9885673041078072
email4j,CNN,7070.9027431,0.8982412060301508,0.10175879396984921,0.835030549898167,1.0,0.9100998890122086,0.9167635536458991
amazon-echo-ha-bridge,CNN,7070.9027431,0.9868913857677902,0.01310861423220977,0.0,0.0,0.0,NA
eclipse-to-maven,CNN,7070.9027431,0.8630600169061707,0.13693998309382927,0.6077481840193705,1.0,0.7560240963855422,0.9161487098815041
overlord-commons,CNN,7070.9027431,0.9489795918367347,0.05102040816326525,0.8148148148148148,1.0,0.8979591836734693,0.955293062200957
cnu_lecture,CNN,7070.9027431,0.8627118644067797,0.13728813559322028,0.6478260869565218,1.0,0.7862796833773087,0.9448933935990504
sendcloud4j,CNN,7070.9027431,0.8516483516483516,0.14835164835164838,0.7816711590296496,1.0,0.8774583963691376,0.8852370689655171
librato-java,CNN,7070.9027431,0.9266943291839558,0.07330567081604422,0.824212271973466,1.0,0.9036363636363636,0.9423188233722672
ibox,CNN,7070.9027431,1.0,0.0,0.0,0.0,0.0,NA
murmurhash-java,CNN,7070.9027431,0.9779411764705882,0.022058823529411797,0.9779411764705882,1.0,0.9888475836431226,0.48402255639097747
cucumber-reporting,CNN,7070.9027431,0.9786780383795309,0.021321961620469065,0.9786552828175027,1.0,0.9892125134843582,0.42653320870332867
failsafe-actuator,CNN,7070.9027431,0.8742690058479532,0.1257309941520468,0.3484848484848485,1.0,0.5168539325842696,0.94534550906365
fb-botmill,CNN,7070.9027431,0.9967146090384755,0.0032853909615244703,0.6590909090909091,1.0,0.7945205479452054,0.9987078466644709
asterisk-java,CNN,7070.9027431,0.9520514823494401,0.04794851765055985,0.7358814687567103,0.9830751577739529,0.8417045314994474,0.9766690143302376
embedmongo-maven-plugin,CNN,7070.9027431,0.9174311926605505,0.08256880733944949,0.6058394160583942,1.0,0.7545454545454545,0.9589601839934166
retrofit2-reactor-adapter,CNN,7070.9027431,0.9162790697674419,0.08372093023255811,0.9142857142857143,1.0,0.955223880597015,0.8136322463768116
bouncycastle-api-plugin,CNN,7070.9027431,0.34509803921568627,0.6549019607843137,0.0,0.0,0.0,NA
dubbo-rpc-jsonrpc,CNN,7070.9027431,0.9748743718592965,0.025125628140703515,0.935064935064935,1.0,0.9664429530201343,1.0
zt-exec,CNN,7070.9027431,0.8549046321525886,0.1450953678474114,0.7649006622516556,1.0,0.8667917448405253,0.847090257412838
chlorine-finder,CNN,7070.9027431,0.8612244897959184,0.13877551020408163,0.8482142857142857,1.0,0.9178743961352658,0.702020202020202
google-sites-liberation,CNN,7070.9027431,0.8713074749550476,0.12869252504495243,0.697463768115942,1.0,0.8217716115261473,0.9187834201347715
spring-retry,CNN,7070.9027431,0.8349321865696329,0.16506781343036714,0.7997592295345104,1.0,0.8887402452619844,0.7672477457509049
dropwizard-auth-jwt,CNN,7070.9027431,0.9741935483870968,0.02580645161290318,0.9682539682539683,1.0,0.9838709677419354,0.8889716840536512
java-color-loggers,CNN,7070.9027431,0.26848249027237353,0.7315175097276265,0.0,0.0,0.0,NA
jumblr,CNN,7070.9027431,0.87751677852349,0.12248322147651003,0.8073878627968337,1.0,0.8934306569343065,0.8925822627901735
spring-data-ldap,CNN,7070.9027431,0.885483870967742,0.11451612903225805,0.8121693121693122,1.0,0.8963503649635037,0.8941368078175895
geocalc,CNN,7070.9027431,0.8257790368271954,0.17422096317280455,0.7875647668393783,1.0,0.881159420289855,0.8017368421052632
chrono-java,CNN,7070.9027431,0.813500347947112,0.186499652052888,0.8014814814814815,1.0,0.8898026315789473,0.6433668089870089
uaa,CNN,7070.9027431,0.825564041787376,0.17443595821262403,0.7450526856849139,0.9994828477848646,0.8537142015754987,0.8487726809177001
Alchemy-API,CNN,7070.9027431,0.9528703134603564,0.047129686539643556,0.7260707099741305,0.9978273750740667,0.8405290741202895,0.9623241152271007
dreampie,CNN,7070.9027431,1.0,0.0,0.0,0.0,0.0,NA
commons-rdf,CNN,7070.9027431,0.8853211009174312,0.11467889908256879,0.8366013071895425,1.0,0.9110320284697508,0.9179253472222222
java-kit,CNN,7070.9027431,0.9285364659813999,0.07146353401860006,0.8942412169503803,1.0,0.9441682600382408,0.9153011254208963
release-candidate-maven-plugin,CNN,7070.9027431,0.8238993710691824,0.17610062893081757,0.7894736842105263,1.0,0.8823529411764706,0.6566358024691358
AEM,CNN,7070.9027431,0.999557815609109,0.0004421843908910539,0.8333333333333334,1.0,0.9090909090909091,0.9997784179038335
gtfs-lib,CNN,7070.9027431,0.8160619254958877,0.18393807450411226,0.5720524017467249,0.9845727848101266,0.7236516935601105,0.8541857011639991
embedphantomjs,CNN,7070.9027431,0.7305605786618445,0.26943942133815546,0.5193548387096775,1.0,0.6836518046709129,0.7249176067942704
optiq-csv,CNN,7070.9027431,0.1455223880597015,0.8544776119402985,0.0,0.0,0.0,NA
naether,CNN,7070.9027431,0.8743961352657005,0.12560386473429952,0.825503355704698,1.0,0.9044117647058824,0.8192024777390631
hmm-lib,CNN,7070.9027431,0.8798151001540832,0.12018489984591685,0.8502879078694817,1.0,0.9190871369294606,0.7368011571588244
gtree,CNN,7070.9027431,0.8917378917378918,0.10826210826210825,0.8046272493573264,1.0,0.8917378917378918,0.8660118104092579
owf-security,CNN,7070.9027431,0.9024390243902439,0.09756097560975607,0.6724137931034483,1.0,0.8041237113402061,0.9495719636169074
dwolla-java,CNN,7070.9027431,0.7796052631578947,0.2203947368421053,0.5684380032206119,1.0,0.7248459958932238,0.8330087232575095
parallec,CNN,7070.9027431,0.49162192939645355,0.5083780706035465,0.6346735840899265,0.39167556029882605,0.484408513446626,0.5601893887661303
paper2ebook,CNN,7070.9027431,0.7972027972027972,0.2027972027972028,0.7339449541284404,1.0,0.8465608465608466,0.7635912698412699
lorem,CNN,7070.9027431,0.206266318537859,0.793733681462141,0.0,0.0,0.0,NA
dropwizard-spring,CNN,7070.9027431,0.8982035928143712,0.10179640718562877,0.8721804511278195,1.0,0.931726907630522,0.8771129141311697
appengine-guestbook-java,CNN,7070.9027431,0.8627450980392157,0.13725490196078427,0.78125,1.0,0.8771929824561403,0.9869230769230769
serenity-journey-demo,CNN,7070.9027431,0.8952380952380953,0.10476190476190472,0.0,0.0,0.0,NA
activiti-dry-cargo,CNN,7070.9027431,0.6144781144781145,0.3855218855218855,0.575139146567718,1.0,0.7302709069493523,0.5593139482053612
maven-notice-plugin,CNN,7070.9027431,0.8839468302658486,0.11605316973415136,0.7248484848484849,1.0,0.8404778636683063,0.9336854315563415
spring-3.1-profiles-java,CNN,7070.9027431,0.888,0.11199999999999999,0.838150289017341,1.0,0.9119496855345912,0.8683087027914614
GoogleAuth,CNN,7070.9027431,0.7158671586715867,0.2841328413284133,0.65625,1.0,0.7924528301886793,0.6716658437568576
la4j,CNN,7070.9027431,0.8973592063028888,0.10264079369711121,0.8620317709354776,1.0,0.9259044710095318,0.8754985587507256
